2026-05-14 08:13:49.729 T:27304    info <general>: -----------------------------------------------------------------------
2026-05-14 08:13:49.729 T:27304    info <general>: Starting Kodi (21.3 (21.3.0) Git:20251031-a3a448d26b). Platform: Windows NT x86 64-bit
2026-05-14 08:13:49.729 T:27304    info <general>: Using Release Kodi x64
2026-05-14 08:13:49.729 T:27304    info <general>: Kodi compiled 2025-11-23 by MSVC 194234436 for Windows NT x86 64-bit version 10.0 (0x0A00000C)
2026-05-14 08:13:49.730 T:27304    info <general>: Running on Windows 11 23H2, kernel: Windows NT x86 64-bit version 10.0.22631.6199
2026-05-14 08:13:49.730 T:27304    info <general>: FFmpeg version/source: 6.0.1-Kodi
2026-05-14 08:13:49.730 T:27304    info <general>: Host CPU: 13th Gen Intel(R) Core(TM) i9-13900KF, 32 cores available
2026-05-14 08:13:49.730 T:27304    info <general>: System has 192.0 GB of RAM installed
2026-05-14 08:13:49.730 T:27304    info <general>: Desktop Resolution: 3840x2160 32Bit at 60Hz
2026-05-14 08:13:49.730 T:27304    info <general>: Running with restricted rights
2026-05-14 08:13:49.730 T:27304    info <general>: Aero is enabled
2026-05-14 08:13:49.730 T:27304    info <general>: Display HDR capable is detected and Windows HDR switch is OFF
2026-05-14 08:13:49.730 T:27304    info <general>: special://xbmc/ is mapped to: C:\Program Files\Kodi
2026-05-14 08:13:49.730 T:27304    info <general>: special://xbmcbin/ is mapped to: C:\Program Files\Kodi
2026-05-14 08:13:49.730 T:27304    info <general>: special://xbmcbinaddons/ is mapped to: C:\Program Files\Kodi/addons
2026-05-14 08:13:49.730 T:27304    info <general>: special://masterprofile/ is mapped to: C:\Users\Sobee\AppData\Roaming\Kodi\userdata
2026-05-14 08:13:49.730 T:27304    info <general>: special://home/ is mapped to: C:\Users\Sobee\AppData\Roaming\Kodi\
2026-05-14 08:13:49.730 T:27304    info <general>: special://temp/ is mapped to: C:\Users\Sobee\AppData\Roaming\Kodi\cache
2026-05-14 08:13:49.730 T:27304    info <general>: special://logpath/ is mapped to: C:\Users\Sobee\AppData\Roaming\Kodi\
2026-05-14 08:13:49.730 T:27304    info <general>: Webserver extra whitelist paths: 
2026-05-14 08:13:49.730 T:27304    info <general>: The executable running is: C:\Program Files\Kodi\kodi.exe
2026-05-14 08:13:49.731 T:27304    info <general>: Local hostname: Rifters75
2026-05-14 08:13:49.731 T:27304    info <general>: Log File is located: C:\Users\Sobee\AppData\Roaming\Kodi\kodi.log
2026-05-14 08:13:49.731 T:27304    info <general>: -----------------------------------------------------------------------
2026-05-14 08:13:49.731 T:27304    info <general>: loading settings
2026-05-14 08:13:49.731 T:27304    info <general>: special://profile/ is mapped to: special://masterprofile/
2026-05-14 08:13:49.734 T:27304    info <general>: No settings file to load (special://xbmc/system/advancedsettings.xml)
2026-05-14 08:13:49.734 T:27304    info <general>: No settings file to load (special://masterprofile/advancedsettings.xml)
2026-05-14 08:13:49.734 T:27304    info <general>: Default Video Player: VideoPlayer
2026-05-14 08:13:49.734 T:27304    info <general>: Default Audio Player: paplayer
2026-05-14 08:13:49.734 T:27304    info <general>: Disabled debug logging due to GUI setting. Level 0.
2026-05-14 08:13:49.734 T:27304    info <general>: Log level changed to "info"
2026-05-14 08:13:49.734 T:27304    info <general>: CMediaSourceSettings: loading media sources from special://masterprofile/sources.xml
2026-05-14 08:13:49.735 T:27304    info <general>: New Cache GUI Settings (replacement of cache in advancedsettings.xml) are:
                                                     Buffer Mode: 4
                                                     Memory Size: 20 MB
                                                     Read Factor: 4.00 x 
                                                     Chunk Size : 131072 bytes
2026-05-14 08:13:49.735 T:27304    info <general>: creating subdirectories
2026-05-14 08:13:49.735 T:27304    info <general>: userdata folder: special://masterprofile/
2026-05-14 08:13:49.735 T:27304    info <general>: recording folder: 
2026-05-14 08:13:49.735 T:27304    info <general>: screenshots folder: 
2026-05-14 08:13:49.737 T:27304   error <general>: Can't update database Addons33 from version 0 - it's too old
2026-05-14 08:13:49.749 T:27304 warning <general>: CAddonMgr::ADDON::CAddonMgr::FindAddons: Addon 'game.controller.default' already present with higher version 1.0.46 at 'C:\Program Files\Kodi\addons\game.controller.default\' - other version 1.0.42 at 'C:\Users\Sobee\AppData\Roaming\Kodi\addons\game.controller.default\' will be ignored
2026-05-14 08:13:49.749 T:27304 warning <general>: CAddonMgr::ADDON::CAddonMgr::FindAddons: Addon 'game.controller.keyboard' already present with higher version 1.1.47 at 'C:\Program Files\Kodi\addons\game.controller.keyboard\' - other version 1.1.43 at 'C:\Users\Sobee\AppData\Roaming\Kodi\addons\game.controller.keyboard\' will be ignored
2026-05-14 08:13:49.749 T:27304 warning <general>: CAddonMgr::ADDON::CAddonMgr::FindAddons: Addon 'game.controller.mouse' already present with higher version 1.0.30 at 'C:\Program Files\Kodi\addons\game.controller.mouse\' - other version 1.0.26 at 'C:\Users\Sobee\AppData\Roaming\Kodi\addons\game.controller.mouse\' will be ignored
2026-05-14 08:13:49.751 T:27304 warning <general>: CAddonMgr::ADDON::CAddonMgr::FindAddons: Addon 'metadata.generic.artists' already present with higher version 1.0.18 at 'C:\Program Files\Kodi\addons\metadata.generic.artists\' - other version 1.0.12 at 'C:\Users\Sobee\AppData\Roaming\Kodi\addons\metadata.generic.artists\' will be ignored
2026-05-14 08:13:49.780 T:27304    info <general>: CAddonMgr::ADDON::CAddonMgr::FindAddons: Bee-Queen v1.0.4 installed
2026-05-14 08:13:49.780 T:27304    info <general>: CAddonMgr::ADDON::CAddonMgr::FindAddons: Insert-Swap-Kodi-Favourites v1.2 installed
2026-05-14 08:13:49.780 T:27304    info <general>: CAddonMgr::ADDON::CAddonMgr::FindAddons: audioencoder.kodi.builtin.aac v1.0.2 installed
2026-05-14 08:13:49.780 T:27304    info <general>: CAddonMgr::ADDON::CAddonMgr::FindAddons: audioencoder.kodi.builtin.wma v1.0.2 installed
2026-05-14 08:13:49.780 T:27304    info <general>: CAddonMgr::ADDON::CAddonMgr::FindAddons: context.otaku v1.0.35 installed
2026-05-14 08:13:49.780 T:27304    info <general>: CAddonMgr::ADDON::CAddonMgr::FindAddons: context.seren v3.0.2 installed
2026-05-14 08:13:49.780 T:27304    info <general>: CAddonMgr::ADDON::CAddonMgr::FindAddons: context.trakt.contextmenu v1.1.0+matrix.1 installed
2026-05-14 08:13:49.780 T:27304    info <general>: CAddonMgr::ADDON::CAddonMgr::FindAddons: game.controller.default v1.0.46 installed
2026-05-14 08:13:49.780 T:27304    info <general>: CAddonMgr::ADDON::CAddonMgr::FindAddons: game.controller.keyboard v1.1.47 installed
2026-05-14 08:13:49.781 T:27304    info <general>: CAddonMgr::ADDON::CAddonMgr::FindAddons: game.controller.mouse v1.0.30 installed
2026-05-14 08:13:49.781 T:27304    info <general>: CAddonMgr::ADDON::CAddonMgr::FindAddons: game.controller.snes v1.0.46 installed
2026-05-14 08:13:49.781 T:27304    info <general>: CAddonMgr::ADDON::CAddonMgr::FindAddons: inputstream.adaptive v21.5.18 installed
2026-05-14 08:13:49.781 T:27304    info <general>: CAddonMgr::ADDON::CAddonMgr::FindAddons: inputstream.rtmp v21.1.2 installed
2026-05-14 08:13:49.781 T:27304    info <general>: CAddonMgr::ADDON::CAddonMgr::FindAddons: kodi.binary.global.audioengine v1.1.1 installed
2026-05-14 08:13:49.781 T:27304    info <general>: CAddonMgr::ADDON::CAddonMgr::FindAddons: kodi.binary.global.filesystem v1.1.9 installed
2026-05-14 08:13:49.781 T:27304    info <general>: CAddonMgr::ADDON::CAddonMgr::FindAddons: kodi.binary.global.general v1.0.5 installed
2026-05-14 08:13:49.781 T:27304    info <general>: CAddonMgr::ADDON::CAddonMgr::FindAddons: kodi.binary.global.gui v5.15.0 installed
2026-05-14 08:13:49.781 T:27304    info <general>: CAddonMgr::ADDON::CAddonMgr::FindAddons: kodi.binary.global.main v2.0.2 installed
2026-05-14 08:13:49.781 T:27304    info <general>: CAddonMgr::ADDON::CAddonMgr::FindAddons: kodi.binary.global.network v1.0.4 installed
2026-05-14 08:13:49.781 T:27304    info <general>: CAddonMgr::ADDON::CAddonMgr::FindAddons: kodi.binary.global.tools v1.0.4 installed
2026-05-14 08:13:49.781 T:27304    info <general>: CAddonMgr::ADDON::CAddonMgr::FindAddons: kodi.binary.instance.audiodecoder v4.0.0 installed
2026-05-14 08:13:49.781 T:27304    info <general>: CAddonMgr::ADDON::CAddonMgr::FindAddons: kodi.binary.instance.audioencoder v3.0.0 installed
2026-05-14 08:13:49.781 T:27304    info <general>: CAddonMgr::ADDON::CAddonMgr::FindAddons: kodi.binary.instance.game v3.0.2 installed
2026-05-14 08:13:49.781 T:27304    info <general>: CAddonMgr::ADDON::CAddonMgr::FindAddons: kodi.binary.instance.imagedecoder v3.0.1 installed
2026-05-14 08:13:49.781 T:27304    info <general>: CAddonMgr::ADDON::CAddonMgr::FindAddons: kodi.binary.instance.inputstream v3.3.0 installed
2026-05-14 08:13:49.781 T:27304    info <general>: CAddonMgr::ADDON::CAddonMgr::FindAddons: kodi.binary.instance.peripheral v3.0.2 installed
2026-05-14 08:13:49.781 T:27304    info <general>: CAddonMgr::ADDON::CAddonMgr::FindAddons: kodi.binary.instance.pvr v8.3.0 installed
2026-05-14 08:13:49.781 T:27304    info <general>: CAddonMgr::ADDON::CAddonMgr::FindAddons: kodi.binary.instance.screensaver v2.2.0 installed
2026-05-14 08:13:49.781 T:27304    info <general>: CAddonMgr::ADDON::CAddonMgr::FindAddons: kodi.binary.instance.vfs v3.0.1 installed
2026-05-14 08:13:49.781 T:27304    info <general>: CAddonMgr::ADDON::CAddonMgr::FindAddons: kodi.binary.instance.videocodec v2.1.0 installed
2026-05-14 08:13:49.781 T:27304    info <general>: CAddonMgr::ADDON::CAddonMgr::FindAddons: kodi.binary.instance.visualization v4.0.0 installed
2026-05-14 08:13:49.781 T:27304    info <general>: CAddonMgr::ADDON::CAddonMgr::FindAddons: kodi.resource v1.0.0 installed
2026-05-14 08:13:49.781 T:27304    info <general>: CAddonMgr::ADDON::CAddonMgr::FindAddons: metadata.album.universal v3.1.18 installed
2026-05-14 08:13:49.781 T:27304    info <general>: CAddonMgr::ADDON::CAddonMgr::FindAddons: metadata.artists.universal v4.3.21 installed
2026-05-14 08:13:49.781 T:27304    info <general>: CAddonMgr::ADDON::CAddonMgr::FindAddons: metadata.common.allmusic.com v3.2.2 installed
2026-05-14 08:13:49.781 T:27304    info <general>: CAddonMgr::ADDON::CAddonMgr::FindAddons: metadata.common.fanart.tv v3.6.5 installed
2026-05-14 08:13:49.781 T:27304    info <general>: CAddonMgr::ADDON::CAddonMgr::FindAddons: metadata.common.musicbrainz.org v2.2.4 installed
2026-05-14 08:13:49.781 T:27304    info <general>: CAddonMgr::ADDON::CAddonMgr::FindAddons: metadata.common.theaudiodb.com v2.0.3 installed
2026-05-14 08:13:49.781 T:27304    info <general>: CAddonMgr::ADDON::CAddonMgr::FindAddons: metadata.generic.albums v1.0.18 installed
2026-05-14 08:13:49.781 T:27304    info <general>: CAddonMgr::ADDON::CAddonMgr::FindAddons: metadata.generic.artists v1.0.18 installed
2026-05-14 08:13:49.782 T:27304    info <general>: CAddonMgr::ADDON::CAddonMgr::FindAddons: metadata.local v1.0.1 installed
2026-05-14 08:13:49.782 T:27304    info <general>: CAddonMgr::ADDON::CAddonMgr::FindAddons: metadata.themoviedb.org.python v3.2.0 installed
2026-05-14 08:13:49.782 T:27304    info <general>: CAddonMgr::ADDON::CAddonMgr::FindAddons: metadata.tvshows.themoviedb.org.python v2.0.2 installed
2026-05-14 08:13:49.782 T:27304    info <general>: CAddonMgr::ADDON::CAddonMgr::FindAddons: metalchris.cwlive.epg v2026.03.16 installed
2026-05-14 08:13:49.782 T:27304    info <general>: CAddonMgr::ADDON::CAddonMgr::FindAddons: metalchris.distrotv.epg v2026.03.17 installed
2026-05-14 08:13:49.782 T:27304    info <general>: CAddonMgr::ADDON::CAddonMgr::FindAddons: metalchris.lgchannels.epg v2026.01.31 installed
2026-05-14 08:13:49.782 T:27304    info <general>: CAddonMgr::ADDON::CAddonMgr::FindAddons: metalchris.localnow.epg v2026.03.16 installed
2026-05-14 08:13:49.782 T:27304    info <general>: CAddonMgr::ADDON::CAddonMgr::FindAddons: metalchris.tcltv.epg v2026.03.16 installed
2026-05-14 08:13:49.782 T:27304    info <general>: CAddonMgr::ADDON::CAddonMgr::FindAddons: metalchris.xumoplay.epg v2026.03.16 installed
2026-05-14 08:13:49.782 T:27304    info <general>: CAddonMgr::ADDON::CAddonMgr::FindAddons: peripheral.joystick v21.1.23 installed
2026-05-14 08:13:49.782 T:27304    info <general>: CAddonMgr::ADDON::CAddonMgr::FindAddons: plugin.audio.dashradio v421.4 installed
2026-05-14 08:13:49.782 T:27304    info <general>: CAddonMgr::ADDON::CAddonMgr::FindAddons: plugin.audio.m3sr2019 v2026.1.0 installed
2026-05-14 08:13:49.782 T:27304    info <general>: CAddonMgr::ADDON::CAddonMgr::FindAddons: plugin.program.autocompletion v3.0.1b installed
2026-05-14 08:13:49.782 T:27304    info <general>: CAddonMgr::ADDON::CAddonMgr::FindAddons: plugin.program.autowidget v3.7.0 installed
2026-05-14 08:13:49.782 T:27304    info <general>: CAddonMgr::ADDON::CAddonMgr::FindAddons: plugin.program.chef21 v499 installed
2026-05-14 08:13:49.782 T:27304    info <general>: CAddonMgr::ADDON::CAddonMgr::FindAddons: plugin.program.diggzflavors v5 installed
2026-05-14 08:13:49.782 T:27304    info <general>: CAddonMgr::ADDON::CAddonMgr::FindAddons: plugin.program.logcatcher v1.0.0 installed
2026-05-14 08:13:49.782 T:27304    info <general>: CAddonMgr::ADDON::CAddonMgr::FindAddons: plugin.program.pvr.setup v1.4.1 installed
2026-05-14 08:13:49.782 T:27304    info <general>: CAddonMgr::ADDON::CAddonMgr::FindAddons: plugin.program.quickfix v5 installed
2026-05-14 08:13:49.782 T:27304    info <general>: CAddonMgr::ADDON::CAddonMgr::FindAddons: plugin.program.retrobiostool v0.6 installed
2026-05-14 08:13:49.782 T:27304    info <general>: CAddonMgr::ADDON::CAddonMgr::FindAddons: plugin.program.super.favourites v2.0.10 installed
2026-05-14 08:13:49.782 T:27304    info <general>: CAddonMgr::ADDON::CAddonMgr::FindAddons: plugin.program.truncatetables v1.0.1 installed
2026-05-14 08:13:49.782 T:27304    info <general>: CAddonMgr::ADDON::CAddonMgr::FindAddons: plugin.video.4kwallpapers v1.3.17 installed
2026-05-14 08:13:49.782 T:27304    info <general>: CAddonMgr::ADDON::CAddonMgr::FindAddons: plugin.video.blacklodge v1.06.35g installed
2026-05-14 08:13:49.782 T:27304    info <general>: CAddonMgr::ADDON::CAddonMgr::FindAddons: plugin.video.coalition v1.8.1 installed
2026-05-14 08:13:49.782 T:27304    info <general>: CAddonMgr::ADDON::CAddonMgr::FindAddons: plugin.video.cumination v1.1.182 installed
2026-05-14 08:13:49.782 T:27304    info <general>: CAddonMgr::ADDON::CAddonMgr::FindAddons: plugin.video.fenlight v24.2.03 installed
2026-05-14 08:13:49.782 T:27304    info <general>: CAddonMgr::ADDON::CAddonMgr::FindAddons: plugin.video.homelander v1.3.0 installed
2026-05-14 08:13:49.782 T:27304    info <general>: CAddonMgr::ADDON::CAddonMgr::FindAddons: plugin.video.imdb.trailers v2.1.22 installed
2026-05-14 08:13:49.782 T:27304    info <general>: CAddonMgr::ADDON::CAddonMgr::FindAddons: plugin.video.jet_guide v0.0.6a installed
2026-05-14 08:13:49.782 T:27304    info <general>: CAddonMgr::ADDON::CAddonMgr::FindAddons: plugin.video.jetproxy v1.0.6 installed
2026-05-14 08:13:49.783 T:27304    info <general>: CAddonMgr::ADDON::CAddonMgr::FindAddons: plugin.video.lookmovietomb v0.9 installed
2026-05-14 08:13:49.783 T:27304    info <general>: CAddonMgr::ADDON::CAddonMgr::FindAddons: plugin.video.looptv v26+matrix.2 installed
2026-05-14 08:13:49.783 T:27304    info <general>: CAddonMgr::ADDON::CAddonMgr::FindAddons: plugin.video.otaku v5.2.90 installed
2026-05-14 08:13:49.783 T:27304    info <general>: CAddonMgr::ADDON::CAddonMgr::FindAddons: plugin.video.playlistbrowser v2.6.8 installed
2026-05-14 08:13:49.783 T:27304    info <general>: CAddonMgr::ADDON::CAddonMgr::FindAddons: plugin.video.pov v6.05.09 installed
2026-05-14 08:13:49.783 T:27304    info <general>: CAddonMgr::ADDON::CAddonMgr::FindAddons: plugin.video.premiumizemetv v1.0.2 installed
2026-05-14 08:13:49.783 T:27304    info <general>: CAddonMgr::ADDON::CAddonMgr::FindAddons: plugin.video.premiumizerx v2023.01.24 installed
2026-05-14 08:13:49.783 T:27304    info <general>: CAddonMgr::ADDON::CAddonMgr::FindAddons: plugin.video.realizerx v2023.01.24 installed
2026-05-14 08:13:49.783 T:27304    info <general>: CAddonMgr::ADDON::CAddonMgr::FindAddons: plugin.video.sallts v6.04.04 installed
2026-05-14 08:13:49.783 T:27304    info <general>: CAddonMgr::ADDON::CAddonMgr::FindAddons: plugin.video.seren v4.0.3 installed
2026-05-14 08:13:49.783 T:27304    info <general>: CAddonMgr::ADDON::CAddonMgr::FindAddons: plugin.video.thecrew v2.6.0 installed
2026-05-14 08:13:49.783 T:27304    info <general>: CAddonMgr::ADDON::CAddonMgr::FindAddons: plugin.video.themoviedb.helper v6.15.6 installed
2026-05-14 08:13:49.783 T:27304    info <general>: CAddonMgr::ADDON::CAddonMgr::FindAddons: plugin.video.tidb v1.3.0 installed
2026-05-14 08:13:49.783 T:27304    info <general>: CAddonMgr::ADDON::CAddonMgr::FindAddons: plugin.video.tmdb.bingie.helper v1.0.2 installed
2026-05-14 08:13:49.783 T:27304    info <general>: CAddonMgr::ADDON::CAddonMgr::FindAddons: plugin.video.tmdbmovies v1.1.111 installed
2026-05-14 08:13:49.783 T:27304    info <general>: CAddonMgr::ADDON::CAddonMgr::FindAddons: plugin.video.umbrella v6.7.73 installed
2026-05-14 08:13:49.783 T:27304    info <general>: CAddonMgr::ADDON::CAddonMgr::FindAddons: plugin.video.vixmovie v2.2 installed
2026-05-14 08:13:49.783 T:27304    info <general>: CAddonMgr::ADDON::CAddonMgr::FindAddons: plugin.video.youtube v7.4.3+unofficial.1 installed
2026-05-14 08:13:49.783 T:27304    info <general>: CAddonMgr::ADDON::CAddonMgr::FindAddons: plugin.video.youtubek v420.7.4.1.1 installed
2026-05-14 08:13:49.783 T:27304    info <general>: CAddonMgr::ADDON::CAddonMgr::FindAddons: plugin.video.yt.kiosk v5 installed
2026-05-14 08:13:49.783 T:27304    info <general>: CAddonMgr::ADDON::CAddonMgr::FindAddons: repository.709 v1.0.2 installed
2026-05-14 08:13:49.783 T:27304    info <general>: CAddonMgr::ADDON::CAddonMgr::FindAddons: repository.Fido v1.5g installed
2026-05-14 08:13:49.783 T:27304    info <general>: CAddonMgr::ADDON::CAddonMgr::FindAddons: repository.G00380316 v2.9.9 installed
2026-05-14 08:13:49.783 T:27304    info <general>: CAddonMgr::ADDON::CAddonMgr::FindAddons: repository.Magnetic v1.1.0b installed
2026-05-14 08:13:49.783 T:27304    info <general>: CAddonMgr::ADDON::CAddonMgr::FindAddons: repository.Palantir v1.0.1a installed
2026-05-14 08:13:49.783 T:27304    info <general>: CAddonMgr::ADDON::CAddonMgr::FindAddons: repository.Rising.Tides v1.1 installed
2026-05-14 08:13:49.783 T:27304    info <general>: CAddonMgr::ADDON::CAddonMgr::FindAddons: repository.Rockcrusher v2.8 installed
2026-05-14 08:13:49.783 T:27304    info <general>: CAddonMgr::ADDON::CAddonMgr::FindAddons: repository.a4kstreaming v1.0.1 installed
2026-05-14 08:13:49.783 T:27304    info <general>: CAddonMgr::ADDON::CAddonMgr::FindAddons: repository.addonniss v1.0.1 installed
2026-05-14 08:13:49.783 T:27304    info <general>: CAddonMgr::ADDON::CAddonMgr::FindAddons: repository.adulthideout v1.0.3 installed
2026-05-14 08:13:49.783 T:27304    info <general>: CAddonMgr::ADDON::CAddonMgr::FindAddons: repository.alfa-addon v1.0.8 installed
2026-05-14 08:13:49.784 T:27304    info <general>: CAddonMgr::ADDON::CAddonMgr::FindAddons: repository.aliunde v1.8.2 installed
2026-05-14 08:13:49.784 T:27304    info <general>: CAddonMgr::ADDON::CAddonMgr::FindAddons: repository.angelitto v1.0.2 installed
2026-05-14 08:13:49.784 T:27304    info <general>: CAddonMgr::ADDON::CAddonMgr::FindAddons: repository.autowidget v1.1 installed
2026-05-14 08:13:49.784 T:27304    info <general>: CAddonMgr::ADDON::CAddonMgr::FindAddons: repository.bingie v1.0.0 installed
2026-05-14 08:13:49.784 T:27304    info <general>: CAddonMgr::ADDON::CAddonMgr::FindAddons: repository.bugatsinho v2.8 installed
2026-05-14 08:13:49.784 T:27304    info <general>: CAddonMgr::ADDON::CAddonMgr::FindAddons: repository.cMaNWizard v3.5 installed
2026-05-14 08:13:49.784 T:27304    info <general>: CAddonMgr::ADDON::CAddonMgr::FindAddons: repository.castagnait v2.0.1 installed
2026-05-14 08:13:49.784 T:27304    info <general>: CAddonMgr::ADDON::CAddonMgr::FindAddons: repository.chainsrepo v0.0.15 installed
2026-05-14 08:13:49.784 T:27304    info <general>: CAddonMgr::ADDON::CAddonMgr::FindAddons: repository.cocoscrapers v1.0.1 installed
2026-05-14 08:13:49.784 T:27304    info <general>: CAddonMgr::ADDON::CAddonMgr::FindAddons: repository.comet v1.0.0 installed
2026-05-14 08:13:49.784 T:27304    info <general>: CAddonMgr::ADDON::CAddonMgr::FindAddons: repository.dexe v1.0.11 installed
2026-05-14 08:13:49.784 T:27304    info <general>: CAddonMgr::ADDON::CAddonMgr::FindAddons: repository.diggz v25 installed
2026-05-14 08:13:49.784 T:27304    info <general>: CAddonMgr::ADDON::CAddonMgr::FindAddons: repository.dis90 v1.0.1 installed
2026-05-14 08:13:49.784 T:27304    info <general>: CAddonMgr::ADDON::CAddonMgr::FindAddons: repository.djaythemes v2.5 installed
2026-05-14 08:13:49.784 T:27304    info <general>: CAddonMgr::ADDON::CAddonMgr::FindAddons: repository.dobbelina v1.0.4 installed
2026-05-14 08:13:49.784 T:27304    info <general>: CAddonMgr::ADDON::CAddonMgr::FindAddons: repository.doomzday v1.1.0 installed
2026-05-14 08:13:49.784 T:27304    info <general>: CAddonMgr::ADDON::CAddonMgr::FindAddons: repository.elementumorg v0.0.7 installed
2026-05-14 08:13:49.784 T:27304    info <general>: CAddonMgr::ADDON::CAddonMgr::FindAddons: repository.frenchdj v0.0.3 installed
2026-05-14 08:13:49.784 T:27304    info <general>: CAddonMgr::ADDON::CAddonMgr::FindAddons: repository.fuchs246 v1.0.2 installed
2026-05-14 08:13:49.784 T:27304    info <general>: CAddonMgr::ADDON::CAddonMgr::FindAddons: repository.funstersplace v0.3 installed
2026-05-14 08:13:49.784 T:27304    info <general>: CAddonMgr::ADDON::CAddonMgr::FindAddons: repository.gearheads2 v9.6 installed
2026-05-14 08:13:49.784 T:27304    info <general>: CAddonMgr::ADDON::CAddonMgr::FindAddons: repository.grindhousekodi v1.8 installed
2026-05-14 08:13:49.784 T:27304    info <general>: CAddonMgr::ADDON::CAddonMgr::FindAddons: repository.gujal v2.0.3 installed
2026-05-14 08:13:49.784 T:27304    info <general>: CAddonMgr::ADDON::CAddonMgr::FindAddons: repository.hooty v1.0 installed
2026-05-14 08:13:49.784 T:27304    info <general>: CAddonMgr::ADDON::CAddonMgr::FindAddons: repository.jewrepo v1.6.0 installed
2026-05-14 08:13:49.784 T:27304    info <general>: CAddonMgr::ADDON::CAddonMgr::FindAddons: repository.jurialmunkey v3.5 installed
2026-05-14 08:13:49.784 T:27304    info <general>: CAddonMgr::ADDON::CAddonMgr::FindAddons: repository.kodifitzwell v0.0.1 installed
2026-05-14 08:13:49.784 T:27304    info <general>: CAddonMgr::ADDON::CAddonMgr::FindAddons: repository.kodinerds v7.0.1.7 installed
2026-05-14 08:13:49.784 T:27304    info <general>: CAddonMgr::ADDON::CAddonMgr::FindAddons: repository.lbnt v0.0.1 installed
2026-05-14 08:13:49.784 T:27304    info <general>: CAddonMgr::ADDON::CAddonMgr::FindAddons: repository.lime v1.0.4 installed
2026-05-14 08:13:49.784 T:27304    info <general>: CAddonMgr::ADDON::CAddonMgr::FindAddons: repository.loop v3.0.4 installed
2026-05-14 08:13:49.784 T:27304    info <general>: CAddonMgr::ADDON::CAddonMgr::FindAddons: repository.luc_repo v1.0.10 installed
2026-05-14 08:13:49.785 T:27304    info <general>: CAddonMgr::ADDON::CAddonMgr::FindAddons: repository.lunatixz v1.1.3 installed
2026-05-14 08:13:49.785 T:27304    info <general>: CAddonMgr::ADDON::CAddonMgr::FindAddons: repository.marcelveldt v1.0.3 installed
2026-05-14 08:13:49.785 T:27304    info <general>: CAddonMgr::ADDON::CAddonMgr::FindAddons: repository.matrix v2026.03.24 installed
2026-05-14 08:13:49.785 T:27304    info <general>: CAddonMgr::ADDON::CAddonMgr::FindAddons: repository.mbebe v0.10 installed
2026-05-14 08:13:49.785 T:27304    info <general>: CAddonMgr::ADDON::CAddonMgr::FindAddons: repository.mrfixit2001 v1.0.3 installed
2026-05-14 08:13:49.785 T:27304    info <general>: CAddonMgr::ADDON::CAddonMgr::FindAddons: repository.mtr81 v1.0 installed
2026-05-14 08:13:49.785 T:27304    info <general>: CAddonMgr::ADDON::CAddonMgr::FindAddons: repository.newdiamond v2.2 installed
2026-05-14 08:13:49.785 T:27304    info <general>: CAddonMgr::ADDON::CAddonMgr::FindAddons: repository.oldsalt v1.5 installed
2026-05-14 08:13:49.785 T:27304    info <general>: CAddonMgr::ADDON::CAddonMgr::FindAddons: repository.otaku.testing v1.0 installed
2026-05-14 08:13:49.785 T:27304    info <general>: CAddonMgr::ADDON::CAddonMgr::FindAddons: repository.peno64 v1.5 installed
2026-05-14 08:13:49.785 T:27304    info <general>: CAddonMgr::ADDON::CAddonMgr::FindAddons: repository.pikdum v0.1.0 installed
2026-05-14 08:13:49.785 T:27304    info <general>: CAddonMgr::ADDON::CAddonMgr::FindAddons: repository.redwizard v1.2.2 installed
2026-05-14 08:13:49.785 T:27304    info <general>: CAddonMgr::ADDON::CAddonMgr::FindAddons: repository.resolveurl v1.0.0 installed
2026-05-14 08:13:49.785 T:27304    info <general>: CAddonMgr::ADDON::CAddonMgr::FindAddons: repository.rocky4546 v0.2.4 installed
2026-05-14 08:13:49.785 T:27304    info <general>: CAddonMgr::ADDON::CAddonMgr::FindAddons: repository.sandmann79.plugins v1.0.4+matrix installed
2026-05-14 08:13:49.785 T:27304    info <general>: CAddonMgr::ADDON::CAddonMgr::FindAddons: repository.slyguy v0.0.9 installed
2026-05-14 08:13:49.785 T:27304    info <general>: CAddonMgr::ADDON::CAddonMgr::FindAddons: repository.slyguy.inputstreamhelper v0.0.1 installed
2026-05-14 08:13:49.785 T:27304    info <general>: CAddonMgr::ADDON::CAddonMgr::FindAddons: repository.tekbec v1.0.0 installed
2026-05-14 08:13:49.785 T:27304    info <general>: CAddonMgr::ADDON::CAddonMgr::FindAddons: repository.thecrew.alpha v1.0.6 installed
2026-05-14 08:13:49.785 T:27304    info <general>: CAddonMgr::ADDON::CAddonMgr::FindAddons: repository.thelab v25.3.27 installed
2026-05-14 08:13:49.785 T:27304    info <general>: CAddonMgr::ADDON::CAddonMgr::FindAddons: repository.tidb.repo v2.0.0 installed
2026-05-14 08:13:49.785 T:27304    info <general>: CAddonMgr::ADDON::CAddonMgr::FindAddons: repository.twistednutz v1.6 installed
2026-05-14 08:13:49.785 T:27304    info <general>: CAddonMgr::ADDON::CAddonMgr::FindAddons: repository.umbrella v2.2.6 installed
2026-05-14 08:13:49.785 T:27304    info <general>: CAddonMgr::ADDON::CAddonMgr::FindAddons: repository.vstream v0.0.6 installed
2026-05-14 08:13:49.785 T:27304    info <general>: CAddonMgr::ADDON::CAddonMgr::FindAddons: repository.wod v2.1 installed
2026-05-14 08:13:49.785 T:27304    info <general>: CAddonMgr::ADDON::CAddonMgr::FindAddons: repository.xbmc.org v3.4.0 installed
2026-05-14 08:13:49.785 T:27304    info <general>: CAddonMgr::ADDON::CAddonMgr::FindAddons: repository.zachmorris v1.0.4 installed
2026-05-14 08:13:49.785 T:27304    info <general>: CAddonMgr::ADDON::CAddonMgr::FindAddons: repository.zero v1.0.0 installed
2026-05-14 08:13:49.785 T:27304    info <general>: CAddonMgr::ADDON::CAddonMgr::FindAddons: resource.font.robotocjksc v0.0.3 installed
2026-05-14 08:13:49.785 T:27304    info <general>: CAddonMgr::ADDON::CAddonMgr::FindAddons: resource.images.arctic.waves v0.0.2 installed
2026-05-14 08:13:49.785 T:27304    info <general>: CAddonMgr::ADDON::CAddonMgr::FindAddons: resource.images.blacklodge.artwork v1.1.1 installed
2026-05-14 08:13:49.786 T:27304    info <general>: CAddonMgr::ADDON::CAddonMgr::FindAddons: resource.images.moviegenreicons.transparent v0.0.6 installed
2026-05-14 08:13:49.786 T:27304    info <general>: CAddonMgr::ADDON::CAddonMgr::FindAddons: resource.images.skinbackgrounds.xenon v0.0.1 installed
2026-05-14 08:13:49.786 T:27304    info <general>: CAddonMgr::ADDON::CAddonMgr::FindAddons: resource.images.skinicons.wide v420.1.0.5 installed
2026-05-14 08:13:49.786 T:27304    info <general>: CAddonMgr::ADDON::CAddonMgr::FindAddons: resource.images.studios.coloured v1.0.0012 installed
2026-05-14 08:13:49.786 T:27304    info <general>: CAddonMgr::ADDON::CAddonMgr::FindAddons: resource.images.studios.white v0.0.34 installed
2026-05-14 08:13:49.786 T:27304    info <general>: CAddonMgr::ADDON::CAddonMgr::FindAddons: resource.images.weathericons.default v1.1.9 installed
2026-05-14 08:13:49.786 T:27304    info <general>: CAddonMgr::ADDON::CAddonMgr::FindAddons: resource.images.weathericons.white v0.0.6 installed
2026-05-14 08:13:49.786 T:27304    info <general>: CAddonMgr::ADDON::CAddonMgr::FindAddons: resource.language.en_gb v2.0.2 installed
2026-05-14 08:13:49.786 T:27304    info <general>: CAddonMgr::ADDON::CAddonMgr::FindAddons: resource.uisounds.amber v1.0.0 installed
2026-05-14 08:13:49.786 T:27304    info <general>: CAddonMgr::ADDON::CAddonMgr::FindAddons: resource.uisounds.kodi v1.0.1 installed
2026-05-14 08:13:49.786 T:27304    info <general>: CAddonMgr::ADDON::CAddonMgr::FindAddons: screensaver.atv4 v3.0.3 installed
2026-05-14 08:13:49.786 T:27304    info <general>: CAddonMgr::ADDON::CAddonMgr::FindAddons: screensaver.xbmc.builtin.black v1.0.34 installed
2026-05-14 08:13:49.786 T:27304    info <general>: CAddonMgr::ADDON::CAddonMgr::FindAddons: screensaver.xbmc.builtin.dim v1.0.66 installed
2026-05-14 08:13:49.786 T:27304    info <general>: CAddonMgr::ADDON::CAddonMgr::FindAddons: script.artistslideshow v4.2.0 installed
2026-05-14 08:13:49.786 T:27304    info <general>: CAddonMgr::ADDON::CAddonMgr::FindAddons: script.bingie.helper v1.1.2 installed
2026-05-14 08:13:49.786 T:27304    info <general>: CAddonMgr::ADDON::CAddonMgr::FindAddons: script.bingie.widgets v1.0.1 installed
2026-05-14 08:13:49.786 T:27304    info <general>: CAddonMgr::ADDON::CAddonMgr::FindAddons: script.colorbox v3.0.0 installed
2026-05-14 08:13:49.786 T:27304    info <general>: CAddonMgr::ADDON::CAddonMgr::FindAddons: script.common.plugin.cache v3.0.0 installed
2026-05-14 08:13:49.786 T:27304    info <general>: CAddonMgr::ADDON::CAddonMgr::FindAddons: script.cu.lrclyrics v6.7.1 installed
2026-05-14 08:13:49.786 T:27304    info <general>: CAddonMgr::ADDON::CAddonMgr::FindAddons: script.diggzskins v501 installed
2026-05-14 08:13:49.786 T:27304    info <general>: CAddonMgr::ADDON::CAddonMgr::FindAddons: script.extendedinfo v10.15 installed
2026-05-14 08:13:49.786 T:27304    info <general>: CAddonMgr::ADDON::CAddonMgr::FindAddons: script.module.acctmgr v1.0.8 installed
2026-05-14 08:13:49.786 T:27304    info <general>: CAddonMgr::ADDON::CAddonMgr::FindAddons: script.module.acctview v2.6 installed
2026-05-14 08:13:49.786 T:27304    info <general>: CAddonMgr::ADDON::CAddonMgr::FindAddons: script.module.acctvwr v1.0.7 installed
2026-05-14 08:13:49.787 T:27304    info <general>: CAddonMgr::ADDON::CAddonMgr::FindAddons: script.module.addon.signals v0.0.6+matrix.1 installed
2026-05-14 08:13:49.787 T:27304    info <general>: CAddonMgr::ADDON::CAddonMgr::FindAddons: script.module.arrow v1.2.3 installed
2026-05-14 08:13:49.787 T:27304    info <general>: CAddonMgr::ADDON::CAddonMgr::FindAddons: script.module.autocompletion v3.0.2b installed
2026-05-14 08:13:49.787 T:27304    info <general>: CAddonMgr::ADDON::CAddonMgr::FindAddons: script.module.backports.zoneinfo v0.2.1 installed
2026-05-14 08:13:49.787 T:27304    info <general>: CAddonMgr::ADDON::CAddonMgr::FindAddons: script.module.beautifulsoup4 v4.12.2 installed
2026-05-14 08:13:49.787 T:27304    info <general>: CAddonMgr::ADDON::CAddonMgr::FindAddons: script.module.bg v1.0.1 installed
2026-05-14 08:13:49.787 T:27304    info <general>: CAddonMgr::ADDON::CAddonMgr::FindAddons: script.module.bingie v1.0.0 installed
2026-05-14 08:13:49.787 T:27304    info <general>: CAddonMgr::ADDON::CAddonMgr::FindAddons: script.module.blackscrapers v1.00.39g3 installed
2026-05-14 08:13:49.787 T:27304    info <general>: CAddonMgr::ADDON::CAddonMgr::FindAddons: script.module.certifi v2023.5.7 installed
2026-05-14 08:13:49.787 T:27304    info <general>: CAddonMgr::ADDON::CAddonMgr::FindAddons: script.module.chardet v5.1.0 installed
2026-05-14 08:13:49.787 T:27304    info <general>: CAddonMgr::ADDON::CAddonMgr::FindAddons: script.module.cocoscrapers v1.0.39 installed
2026-05-14 08:13:49.787 T:27304    info <general>: CAddonMgr::ADDON::CAddonMgr::FindAddons: script.module.dateutil v2.8.2 installed
2026-05-14 08:13:49.787 T:27304    info <general>: CAddonMgr::ADDON::CAddonMgr::FindAddons: script.module.dbview v1.0.6 installed
2026-05-14 08:13:49.787 T:27304    info <general>: CAddonMgr::ADDON::CAddonMgr::FindAddons: script.module.defusedxml v0.6.0+matrix.1 installed
2026-05-14 08:13:49.787 T:27304    info <general>: CAddonMgr::ADDON::CAddonMgr::FindAddons: script.module.future v1.0.0+matrix.1 installed
2026-05-14 08:13:49.787 T:27304    info <general>: CAddonMgr::ADDON::CAddonMgr::FindAddons: script.module.gearsscrapers v1.3.2 installed
2026-05-14 08:13:49.787 T:27304    info <general>: CAddonMgr::ADDON::CAddonMgr::FindAddons: script.module.idna v3.10.0 installed
2026-05-14 08:13:49.787 T:27304    info <general>: CAddonMgr::ADDON::CAddonMgr::FindAddons: script.module.infotagger v0.0.81 installed
2026-05-14 08:13:49.787 T:27304    info <general>: CAddonMgr::ADDON::CAddonMgr::FindAddons: script.module.inputstreamhelper v99.0.12 installed
2026-05-14 08:13:49.787 T:27304    info <general>: CAddonMgr::ADDON::CAddonMgr::FindAddons: script.module.jetextractors v3.3.8b installed
2026-05-14 08:13:49.787 T:27304    info <general>: CAddonMgr::ADDON::CAddonMgr::FindAddons: script.module.jurialmunkey v0.2.35 installed
2026-05-14 08:13:49.787 T:27304    info <general>: CAddonMgr::ADDON::CAddonMgr::FindAddons: script.module.kodi-six v0.1.3.1 installed
2026-05-14 08:13:49.787 T:27304    info <general>: CAddonMgr::ADDON::CAddonMgr::FindAddons: script.module.magneto v6.04.03 installed
2026-05-14 08:13:49.787 T:27304    info <general>: CAddonMgr::ADDON::CAddonMgr::FindAddons: script.module.metadatautils v1.20.3 installed
2026-05-14 08:13:49.788 T:27304    info <general>: CAddonMgr::ADDON::CAddonMgr::FindAddons: script.module.musicbrainz v0.7.0 installed
2026-05-14 08:13:49.788 T:27304    info <general>: CAddonMgr::ADDON::CAddonMgr::FindAddons: script.module.mutagen v1.47.0 installed
2026-05-14 08:13:49.788 T:27304    info <general>: CAddonMgr::ADDON::CAddonMgr::FindAddons: script.module.myconnpy v8.0.33 installed
2026-05-14 08:13:49.788 T:27304    info <general>: CAddonMgr::ADDON::CAddonMgr::FindAddons: script.module.pil v5.1.0 installed
2026-05-14 08:13:49.788 T:27304    info <general>: CAddonMgr::ADDON::CAddonMgr::FindAddons: script.module.pyairtable v1.4.0 installed
2026-05-14 08:13:49.788 T:27304    info <general>: CAddonMgr::ADDON::CAddonMgr::FindAddons: script.module.pyamf v0.8.10+matrix.4 installed
2026-05-14 08:13:49.788 T:27304    info <general>: CAddonMgr::ADDON::CAddonMgr::FindAddons: script.module.pycryptodome v3.4.3 installed
2026-05-14 08:13:49.788 T:27304    info <general>: CAddonMgr::ADDON::CAddonMgr::FindAddons: script.module.pyjsparser v3.0.0 installed
2026-05-14 08:13:49.788 T:27304    info <general>: CAddonMgr::ADDON::CAddonMgr::FindAddons: script.module.pyqrcode v1.2.1+matrix.4 installed
2026-05-14 08:13:49.788 T:27304    info <general>: CAddonMgr::ADDON::CAddonMgr::FindAddons: script.module.pysocks v1.7.0+matrix.1 installed
2026-05-14 08:13:49.788 T:27304    info <general>: CAddonMgr::ADDON::CAddonMgr::FindAddons: script.module.pysubs2 v1.5.0+matrix.1 installed
2026-05-14 08:13:49.788 T:27304    info <general>: CAddonMgr::ADDON::CAddonMgr::FindAddons: script.module.pytz v2023.3.0+matrix.1 installed
2026-05-14 08:13:49.788 T:27304    info <general>: CAddonMgr::ADDON::CAddonMgr::FindAddons: script.module.qrcode v6.1.0+matrix.3 installed
2026-05-14 08:13:49.788 T:27304    info <general>: CAddonMgr::ADDON::CAddonMgr::FindAddons: script.module.requests v2.31.0 installed
2026-05-14 08:13:49.788 T:27304    info <general>: CAddonMgr::ADDON::CAddonMgr::FindAddons: script.module.resolveurl v5.1.198 installed
2026-05-14 08:13:49.788 T:27304    info <general>: CAddonMgr::ADDON::CAddonMgr::FindAddons: script.module.resolveurl.xxx v2.1.44 installed
2026-05-14 08:13:49.788 T:27304    info <general>: CAddonMgr::ADDON::CAddonMgr::FindAddons: script.module.routing v0.2.3+matrix.1 installed
2026-05-14 08:13:49.788 T:27304    info <general>: CAddonMgr::ADDON::CAddonMgr::FindAddons: script.module.simplecache v2.0.2 installed
2026-05-14 08:13:49.788 T:27304    info <general>: CAddonMgr::ADDON::CAddonMgr::FindAddons: script.module.simpleeval v0.9.13 installed
2026-05-14 08:13:49.788 T:27304    info <general>: CAddonMgr::ADDON::CAddonMgr::FindAddons: script.module.simplejson v3.19.1+matrix.1 installed
2026-05-14 08:13:49.788 T:27304    info <general>: CAddonMgr::ADDON::CAddonMgr::FindAddons: script.module.six v1.16.0+matrix.1 installed
2026-05-14 08:13:49.788 T:27304    info <general>: CAddonMgr::ADDON::CAddonMgr::FindAddons: script.module.slyguy v0.86.75 installed
2026-05-14 08:13:49.788 T:27304    info <general>: CAddonMgr::ADDON::CAddonMgr::FindAddons: script.module.soupsieve v2.4.1 installed
2026-05-14 08:13:49.788 T:27304    info <general>: CAddonMgr::ADDON::CAddonMgr::FindAddons: script.module.thecrew v2.6.16 installed
2026-05-14 08:13:49.788 T:27304    info <general>: CAddonMgr::ADDON::CAddonMgr::FindAddons: script.module.thetvdb v1.0.35 installed
2026-05-14 08:13:49.788 T:27304    info <general>: CAddonMgr::ADDON::CAddonMgr::FindAddons: script.module.trakt v4.4.0+matrix.1 installed
2026-05-14 08:13:49.788 T:27304    info <general>: CAddonMgr::ADDON::CAddonMgr::FindAddons: script.module.typing_extensions v4.7.1 installed
2026-05-14 08:13:49.788 T:27304    info <general>: CAddonMgr::ADDON::CAddonMgr::FindAddons: script.module.tzdata v2023.3.0+matrix.1 installed
2026-05-14 08:13:49.788 T:27304    info <general>: CAddonMgr::ADDON::CAddonMgr::FindAddons: script.module.tzlocal v5.0.1 installed
2026-05-14 08:13:49.788 T:27304    info <general>: CAddonMgr::ADDON::CAddonMgr::FindAddons: script.module.unidecode v1.3.6 installed
2026-05-14 08:13:49.788 T:27304    info <general>: CAddonMgr::ADDON::CAddonMgr::FindAddons: script.module.urllib3 v2.2.3 installed
2026-05-14 08:13:49.789 T:27304    info <general>: CAddonMgr::ADDON::CAddonMgr::FindAddons: script.module.viperscrapers v1.5.2 installed
2026-05-14 08:13:49.789 T:27304    info <general>: CAddonMgr::ADDON::CAddonMgr::FindAddons: script.module.websocket v1.6.4 installed
2026-05-14 08:13:49.789 T:27304    info <general>: CAddonMgr::ADDON::CAddonMgr::FindAddons: script.openweathermap.maps v1.0.6 installed
2026-05-14 08:13:49.789 T:27304    info <general>: CAddonMgr::ADDON::CAddonMgr::FindAddons: script.realdebrid v0.7 installed
2026-05-14 08:13:49.789 T:27304    info <general>: CAddonMgr::ADDON::CAddonMgr::FindAddons: script.skin.helper.service v1.20.3 installed
2026-05-14 08:13:49.789 T:27304    info <general>: CAddonMgr::ADDON::CAddonMgr::FindAddons: script.skin.helper.skinbackup v1.0.22 installed
2026-05-14 08:13:49.789 T:27304    info <general>: CAddonMgr::ADDON::CAddonMgr::FindAddons: script.skinshortcuts v25.4.18 installed
2026-05-14 08:13:49.789 T:27304    info <general>: CAddonMgr::ADDON::CAddonMgr::FindAddons: script.skinvariables v2.2.1 installed
2026-05-14 08:13:49.789 T:27304    info <general>: CAddonMgr::ADDON::CAddonMgr::FindAddons: script.texturemaker v0.2.11 installed
2026-05-14 08:13:49.789 T:27304    info <general>: CAddonMgr::ADDON::CAddonMgr::FindAddons: script.thecrew.artwork v2.6.0 installed
2026-05-14 08:13:49.789 T:27304    info <general>: CAddonMgr::ADDON::CAddonMgr::FindAddons: script.trailer.bridge v1.1.2 installed
2026-05-14 08:13:49.789 T:27304    info <general>: CAddonMgr::ADDON::CAddonMgr::FindAddons: script.trakt v3.8.2 installed
2026-05-14 08:13:49.789 T:27304    info <general>: CAddonMgr::ADDON::CAddonMgr::FindAddons: script.tv.show.next.aired v8.0.4 installed
2026-05-14 08:13:49.789 T:27304    info <general>: CAddonMgr::ADDON::CAddonMgr::FindAddons: script.xenon.casthelper v1.0.7 installed
2026-05-14 08:13:49.789 T:27304    info <general>: CAddonMgr::ADDON::CAddonMgr::FindAddons: service.kodi.favourites.sync v0.2.36 installed
2026-05-14 08:13:49.789 T:27304    info <general>: CAddonMgr::ADDON::CAddonMgr::FindAddons: service.multistaller v420 installed
2026-05-14 08:13:49.789 T:27304    info <general>: CAddonMgr::ADDON::CAddonMgr::FindAddons: service.subtitles.opensubtitles_by_opensubtitles_dualsub v5.5.3 installed
2026-05-14 08:13:49.789 T:27304    info <general>: CAddonMgr::ADDON::CAddonMgr::FindAddons: service.xbmc.versioncheck v0.5.30+matrix.1 installed
2026-05-14 08:13:49.789 T:27304    info <general>: CAddonMgr::ADDON::CAddonMgr::FindAddons: skin.aeon.tajo v27.7.2 installed
2026-05-14 08:13:49.789 T:27304    info <general>: CAddonMgr::ADDON::CAddonMgr::FindAddons: skin.arctic.horizon.2 v422.8.30 installed
2026-05-14 08:13:49.789 T:27304    info <general>: CAddonMgr::ADDON::CAddonMgr::FindAddons: skin.estuary v4.0.0 installed
2026-05-14 08:13:49.789 T:27304    info <general>: CAddonMgr::ADDON::CAddonMgr::FindAddons: slyguy.dependencies v0.0.30 installed
2026-05-14 08:13:49.789 T:27304    info <general>: CAddonMgr::ADDON::CAddonMgr::FindAddons: visualization.waveform v21.0.2 installed
2026-05-14 08:13:49.789 T:27304    info <general>: CAddonMgr::ADDON::CAddonMgr::FindAddons: weather.multi v1.1.0 installed
2026-05-14 08:13:49.789 T:27304    info <general>: CAddonMgr::ADDON::CAddonMgr::FindAddons: webinterface.default v21.x-1.0.1 installed
2026-05-14 08:13:49.789 T:27304    info <general>: CAddonMgr::ADDON::CAddonMgr::FindAddons: xbmc.addon v21.3.0 installed
2026-05-14 08:13:49.789 T:27304    info <general>: CAddonMgr::ADDON::CAddonMgr::FindAddons: xbmc.core v0.1.0 installed
2026-05-14 08:13:49.789 T:27304    info <general>: CAddonMgr::ADDON::CAddonMgr::FindAddons: xbmc.gui v5.17.0 installed
2026-05-14 08:13:49.790 T:27304    info <general>: CAddonMgr::ADDON::CAddonMgr::FindAddons: xbmc.json v13.5.0 installed
2026-05-14 08:13:49.790 T:27304    info <general>: CAddonMgr::ADDON::CAddonMgr::FindAddons: xbmc.metadata v2.1.0 installed
2026-05-14 08:13:49.790 T:27304    info <general>: CAddonMgr::ADDON::CAddonMgr::FindAddons: xbmc.python v3.0.1 installed
2026-05-14 08:13:49.790 T:27304    info <general>: CAddonMgr::ADDON::CAddonMgr::FindAddons: xbmc.webinterface v1.0.0 installed
2026-05-14 08:13:49.791 T:27304    info <general>: CKeyboardLayoutManager: loading keyboard layouts from special://xbmc/system/keyboardlayouts...
2026-05-14 08:13:49.794 T:11156    info <general>: Loading special://xbmc/system/IRSSmap.xml
2026-05-14 08:13:49.794 T:11156    info <general>: * Adding remote mapping for device 'Microsoft MCE'
2026-05-14 08:13:49.794 T:11156    info <general>: * Adding remote mapping for device 'Abstract'
2026-05-14 08:13:49.795 T:27304    info <general>: Primary mode: 6Series58 #1: 3840x2160 @ 60.00Hz
2026-05-14 08:13:49.796 T:27304    info <general>: Additional mode: 6Series58 #1: 640x480 @ 24.00Hz
2026-05-14 08:13:49.796 T:27304    info <general>: Additional mode: 6Series58 #1: 640x480 @ 23.98Hz
2026-05-14 08:13:49.796 T:27304    info <general>: Additional mode: 6Series58 #1: 640x480 @ 30.00Hz
2026-05-14 08:13:49.797 T:27304    info <general>: Additional mode: 6Series58 #1: 640x480 @ 29.97Hz
2026-05-14 08:13:49.797 T:27304    info <general>: Additional mode: 6Series58 #1: 640x480 @ 60.00Hz
2026-05-14 08:13:49.797 T:27304    info <general>: Additional mode: 6Series58 #1: 640x480 @ 59.94Hz
2026-05-14 08:13:49.797 T:27304    info <general>: Additional mode: 6Series58 #1: 720x480 @ 24.00Hz
2026-05-14 08:13:49.797 T:27304    info <general>: Additional mode: 6Series58 #1: 720x480 @ 23.98Hz
2026-05-14 08:13:49.797 T:27304    info <general>: Additional mode: 6Series58 #1: 720x480 @ 30.00Hz
2026-05-14 08:13:49.797 T:27304    info <general>: Additional mode: 6Series58 #1: 720x480 @ 29.97Hz
2026-05-14 08:13:49.798 T:27304    info <general>: Additional mode: 6Series58 #1: 720x480 @ 60.00Hz
2026-05-14 08:13:49.798 T:27304    info <general>: Additional mode: 6Series58 #1: 720x480 @ 59.94Hz
2026-05-14 08:13:49.798 T:27304    info <general>: Additional mode: 6Series58 #1: 800x600 @ 24.00Hz
2026-05-14 08:13:49.798 T:27304    info <general>: Additional mode: 6Series58 #1: 800x600 @ 23.98Hz
2026-05-14 08:13:49.798 T:27304    info <general>: Additional mode: 6Series58 #1: 800x600 @ 30.00Hz
2026-05-14 08:13:49.798 T:27304    info <general>: Additional mode: 6Series58 #1: 800x600 @ 29.97Hz
2026-05-14 08:13:49.798 T:27304    info <general>: Additional mode: 6Series58 #1: 800x600 @ 60.00Hz
2026-05-14 08:13:49.798 T:27304    info <general>: Additional mode: 6Series58 #1: 800x600 @ 59.94Hz
2026-05-14 08:13:49.798 T:27304    info <general>: Additional mode: 6Series58 #1: 1024x768 @ 24.00Hz
2026-05-14 08:13:49.799 T:27304    info <general>: Additional mode: 6Series58 #1: 1024x768 @ 23.98Hz
2026-05-14 08:13:49.799 T:27304    info <general>: Additional mode: 6Series58 #1: 1024x768 @ 30.00Hz
2026-05-14 08:13:49.799 T:27304    info <general>: Additional mode: 6Series58 #1: 1024x768 @ 29.97Hz
2026-05-14 08:13:49.799 T:27304    info <general>: Additional mode: 6Series58 #1: 1024x768 @ 60.00Hz
2026-05-14 08:13:49.799 T:27304    info <general>: Additional mode: 6Series58 #1: 1024x768 @ 59.94Hz
2026-05-14 08:13:49.799 T:27304    info <general>: Additional mode: 6Series58 #1: 1176x664 @ 24.00Hz
2026-05-14 08:13:49.799 T:27304    info <general>: Additional mode: 6Series58 #1: 1176x664 @ 23.98Hz
2026-05-14 08:13:49.799 T:27304    info <general>: Additional mode: 6Series58 #1: 1176x664 @ 30.00Hz
2026-05-14 08:13:49.799 T:27304    info <general>: Additional mode: 6Series58 #1: 1176x664 @ 29.97Hz
2026-05-14 08:13:49.800 T:27304    info <general>: Additional mode: 6Series58 #1: 1176x664 @ 60.00Hz
2026-05-14 08:13:49.800 T:27304    info <general>: Additional mode: 6Series58 #1: 1176x664 @ 59.94Hz
2026-05-14 08:13:49.800 T:27304    info <general>: Additional mode: 6Series58 #1: 1280x720 @ 24.00Hz
2026-05-14 08:13:49.800 T:27304    info <general>: Additional mode: 6Series58 #1: 1280x720 @ 23.98Hz
2026-05-14 08:13:49.800 T:27304    info <general>: Additional mode: 6Series58 #1: 1280x720 @ 30.00Hz
2026-05-14 08:13:49.800 T:27304    info <general>: Additional mode: 6Series58 #1: 1280x720 @ 29.97Hz
2026-05-14 08:13:49.800 T:27304    info <general>: Additional mode: 6Series58 #1: 1280x720 @ 60.00Hz
2026-05-14 08:13:49.801 T:27304    info <general>: Additional mode: 6Series58 #1: 1280x720 @ 59.94Hz
2026-05-14 08:13:49.801 T:27304    info <general>: Additional mode: 6Series58 #1: 1280x768 @ 24.00Hz
2026-05-14 08:13:49.801 T:27304    info <general>: Additional mode: 6Series58 #1: 1280x768 @ 23.98Hz
2026-05-14 08:13:49.801 T:27304    info <general>: Additional mode: 6Series58 #1: 1280x768 @ 30.00Hz
2026-05-14 08:13:49.801 T:27304    info <general>: Additional mode: 6Series58 #1: 1280x768 @ 29.97Hz
2026-05-14 08:13:49.801 T:27304    info <general>: Additional mode: 6Series58 #1: 1280x768 @ 60.00Hz
2026-05-14 08:13:49.801 T:27304    info <general>: Additional mode: 6Series58 #1: 1280x768 @ 59.94Hz
2026-05-14 08:13:49.802 T:27304    info <general>: Additional mode: 6Series58 #1: 1280x800 @ 24.00Hz
2026-05-14 08:13:49.802 T:27304    info <general>: Additional mode: 6Series58 #1: 1280x800 @ 23.98Hz
2026-05-14 08:13:49.802 T:27304    info <general>: Additional mode: 6Series58 #1: 1280x800 @ 30.00Hz
2026-05-14 08:13:49.802 T:27304    info <general>: Additional mode: 6Series58 #1: 1280x800 @ 29.97Hz
2026-05-14 08:13:49.802 T:27304    info <general>: Additional mode: 6Series58 #1: 1280x800 @ 60.00Hz
2026-05-14 08:13:49.802 T:27304    info <general>: Additional mode: 6Series58 #1: 1280x800 @ 59.94Hz
2026-05-14 08:13:49.802 T:27304    info <general>: Additional mode: 6Series58 #1: 1280x960 @ 24.00Hz
2026-05-14 08:13:49.803 T:27304    info <general>: Additional mode: 6Series58 #1: 1280x960 @ 23.98Hz
2026-05-14 08:13:49.803 T:27304    info <general>: Additional mode: 6Series58 #1: 1280x960 @ 30.00Hz
2026-05-14 08:13:49.803 T:27304    info <general>: Additional mode: 6Series58 #1: 1280x960 @ 29.97Hz
2026-05-14 08:13:49.803 T:27304    info <general>: Additional mode: 6Series58 #1: 1280x960 @ 60.00Hz
2026-05-14 08:13:49.803 T:27304    info <general>: Additional mode: 6Series58 #1: 1280x960 @ 59.94Hz
2026-05-14 08:13:49.803 T:27304    info <general>: Additional mode: 6Series58 #1: 1280x1024 @ 24.00Hz
2026-05-14 08:13:49.803 T:27304    info <general>: Additional mode: 6Series58 #1: 1280x1024 @ 23.98Hz
2026-05-14 08:13:49.804 T:27304    info <general>: Additional mode: 6Series58 #1: 1280x1024 @ 30.00Hz
2026-05-14 08:13:49.804 T:27304    info <general>: Additional mode: 6Series58 #1: 1280x1024 @ 29.97Hz
2026-05-14 08:13:49.804 T:27304    info <general>: Additional mode: 6Series58 #1: 1280x1024 @ 60.00Hz
2026-05-14 08:13:49.804 T:27304    info <general>: Additional mode: 6Series58 #1: 1280x1024 @ 59.94Hz
2026-05-14 08:13:49.804 T:27304    info <general>: Additional mode: 6Series58 #1: 1360x768 @ 24.00Hz
2026-05-14 08:13:49.804 T:27304    info <general>: Additional mode: 6Series58 #1: 1360x768 @ 23.98Hz
2026-05-14 08:13:49.805 T:27304    info <general>: Additional mode: 6Series58 #1: 1360x768 @ 30.00Hz
2026-05-14 08:13:49.805 T:27304    info <general>: Additional mode: 6Series58 #1: 1360x768 @ 29.97Hz
2026-05-14 08:13:49.805 T:27304    info <general>: Additional mode: 6Series58 #1: 1360x768 @ 60.00Hz
2026-05-14 08:13:49.806 T:27304    info <general>: Additional mode: 6Series58 #1: 1360x768 @ 59.94Hz
2026-05-14 08:13:49.806 T:27304    info <general>: Additional mode: 6Series58 #1: 1366x768 @ 24.00Hz
2026-05-14 08:13:49.806 T:27304    info <general>: Additional mode: 6Series58 #1: 1366x768 @ 23.98Hz
2026-05-14 08:13:49.806 T:27304    info <general>: Additional mode: 6Series58 #1: 1366x768 @ 30.00Hz
2026-05-14 08:13:49.806 T:27304    info <general>: Additional mode: 6Series58 #1: 1366x768 @ 29.97Hz
2026-05-14 08:13:49.806 T:27304    info <general>: Additional mode: 6Series58 #1: 1366x768 @ 60.00Hz
2026-05-14 08:13:49.807 T:27304    info <general>: Additional mode: 6Series58 #1: 1366x768 @ 59.94Hz
2026-05-14 08:13:49.807 T:27304    info <general>: Additional mode: 6Series58 #1: 1440x1080 @ 24.00Hz
2026-05-14 08:13:49.807 T:27304    info <general>: Additional mode: 6Series58 #1: 1440x1080 @ 23.98Hz
2026-05-14 08:13:49.807 T:27304    info <general>: Additional mode: 6Series58 #1: 1440x1080 @ 30.00Hz
2026-05-14 08:13:49.807 T:27304    info <general>: Additional mode: 6Series58 #1: 1440x1080 @ 29.97Hz
2026-05-14 08:13:49.807 T:27304    info <general>: Additional mode: 6Series58 #1: 1440x1080 @ 60.00Hz
2026-05-14 08:13:49.808 T:27304    info <general>: Additional mode: 6Series58 #1: 1440x1080 @ 59.94Hz
2026-05-14 08:13:49.808 T:27304    info <general>: Additional mode: 6Series58 #1: 1600x900 @ 24.00Hz
2026-05-14 08:13:49.808 T:27304    info <general>: Additional mode: 6Series58 #1: 1600x900 @ 23.98Hz
2026-05-14 08:13:49.808 T:27304    info <general>: Additional mode: 6Series58 #1: 1600x900 @ 30.00Hz
2026-05-14 08:13:49.808 T:27304    info <general>: Additional mode: 6Series58 #1: 1600x900 @ 29.97Hz
2026-05-14 08:13:49.808 T:27304    info <general>: Additional mode: 6Series58 #1: 1600x900 @ 60.00Hz
2026-05-14 08:13:49.809 T:27304    info <general>: Additional mode: 6Series58 #1: 1600x900 @ 59.94Hz
2026-05-14 08:13:49.809 T:27304    info <general>: Additional mode: 6Series58 #1: 1600x1024 @ 24.00Hz
2026-05-14 08:13:49.809 T:27304    info <general>: Additional mode: 6Series58 #1: 1600x1024 @ 23.98Hz
2026-05-14 08:13:49.809 T:27304    info <general>: Additional mode: 6Series58 #1: 1600x1024 @ 30.00Hz
2026-05-14 08:13:49.809 T:27304    info <general>: Additional mode: 6Series58 #1: 1600x1024 @ 29.97Hz
2026-05-14 08:13:49.809 T:27304    info <general>: Additional mode: 6Series58 #1: 1600x1024 @ 60.00Hz
2026-05-14 08:13:49.810 T:27304    info <general>: Additional mode: 6Series58 #1: 1600x1024 @ 59.94Hz
2026-05-14 08:13:49.810 T:27304    info <general>: Additional mode: 6Series58 #1: 1600x1200 @ 24.00Hz
2026-05-14 08:13:49.810 T:27304    info <general>: Additional mode: 6Series58 #1: 1600x1200 @ 23.98Hz
2026-05-14 08:13:49.810 T:27304    info <general>: Additional mode: 6Series58 #1: 1600x1200 @ 30.00Hz
2026-05-14 08:13:49.810 T:27304    info <general>: Additional mode: 6Series58 #1: 1600x1200 @ 29.97Hz
2026-05-14 08:13:49.810 T:27304    info <general>: Additional mode: 6Series58 #1: 1600x1200 @ 60.00Hz
2026-05-14 08:13:49.810 T:27304    info <general>: Additional mode: 6Series58 #1: 1600x1200 @ 59.94Hz
2026-05-14 08:13:49.810 T:27304    info <general>: Additional mode: 6Series58 #1: 1680x1050 @ 24.00Hz
2026-05-14 08:13:49.811 T:27304    info <general>: Additional mode: 6Series58 #1: 1680x1050 @ 23.98Hz
2026-05-14 08:13:49.811 T:27304    info <general>: Additional mode: 6Series58 #1: 1680x1050 @ 30.00Hz
2026-05-14 08:13:49.811 T:27304    info <general>: Additional mode: 6Series58 #1: 1680x1050 @ 29.97Hz
2026-05-14 08:13:49.811 T:27304    info <general>: Additional mode: 6Series58 #1: 1680x1050 @ 60.00Hz
2026-05-14 08:13:49.811 T:27304    info <general>: Additional mode: 6Series58 #1: 1680x1050 @ 59.94Hz
2026-05-14 08:13:49.811 T:27304    info <general>: Additional mode: 6Series58 #1: 1920x1080 @ 24.00Hz
2026-05-14 08:13:49.811 T:27304    info <general>: Additional mode: 6Series58 #1: 1920x1080 @ 23.98Hz
2026-05-14 08:13:49.811 T:27304    info <general>: Additional mode: 6Series58 #1: 1920x1080 @ 30.00Hz
2026-05-14 08:13:49.812 T:27304    info <general>: Additional mode: 6Series58 #1: 1920x1080 @ 29.97Hz
2026-05-14 08:13:49.812 T:27304    info <general>: Additional mode: 6Series58 #1: 1920x1080 @ 60.00Hz
2026-05-14 08:13:49.812 T:27304    info <general>: Additional mode: 6Series58 #1: 1920x1080 @ 59.94Hz
2026-05-14 08:13:49.812 T:27304    info <general>: Additional mode: 6Series58 #1: 1920x1200 @ 24.00Hz
2026-05-14 08:13:49.812 T:27304    info <general>: Additional mode: 6Series58 #1: 1920x1200 @ 23.98Hz
2026-05-14 08:13:49.812 T:27304    info <general>: Additional mode: 6Series58 #1: 1920x1200 @ 30.00Hz
2026-05-14 08:13:49.812 T:27304    info <general>: Additional mode: 6Series58 #1: 1920x1200 @ 29.97Hz
2026-05-14 08:13:49.812 T:27304    info <general>: Additional mode: 6Series58 #1: 1920x1200 @ 60.00Hz
2026-05-14 08:13:49.813 T:27304    info <general>: Additional mode: 6Series58 #1: 1920x1200 @ 59.94Hz
2026-05-14 08:13:49.813 T:27304    info <general>: Additional mode: 6Series58 #1: 1920x1440 @ 24.00Hz
2026-05-14 08:13:49.813 T:27304    info <general>: Additional mode: 6Series58 #1: 1920x1440 @ 23.98Hz
2026-05-14 08:13:49.813 T:27304    info <general>: Additional mode: 6Series58 #1: 1920x1440 @ 30.00Hz
2026-05-14 08:13:49.813 T:27304    info <general>: Additional mode: 6Series58 #1: 1920x1440 @ 29.97Hz
2026-05-14 08:13:49.813 T:27304    info <general>: Additional mode: 6Series58 #1: 1920x1440 @ 60.00Hz
2026-05-14 08:13:49.813 T:27304    info <general>: Additional mode: 6Series58 #1: 1920x1440 @ 59.94Hz
2026-05-14 08:13:49.813 T:27304    info <general>: Additional mode: 6Series58 #1: 2048x1536 @ 24.00Hz
2026-05-14 08:13:49.813 T:27304    info <general>: Additional mode: 6Series58 #1: 2048x1536 @ 23.98Hz
2026-05-14 08:13:49.814 T:27304    info <general>: Additional mode: 6Series58 #1: 2048x1536 @ 30.00Hz
2026-05-14 08:13:49.814 T:27304    info <general>: Additional mode: 6Series58 #1: 2048x1536 @ 29.97Hz
2026-05-14 08:13:49.814 T:27304    info <general>: Additional mode: 6Series58 #1: 2048x1536 @ 60.00Hz
2026-05-14 08:13:49.814 T:27304    info <general>: Additional mode: 6Series58 #1: 2048x1536 @ 59.94Hz
2026-05-14 08:13:49.814 T:27304    info <general>: Additional mode: 6Series58 #1: 2560x1440 @ 24.00Hz
2026-05-14 08:13:49.814 T:27304    info <general>: Additional mode: 6Series58 #1: 2560x1440 @ 23.98Hz
2026-05-14 08:13:49.814 T:27304    info <general>: Additional mode: 6Series58 #1: 2560x1440 @ 30.00Hz
2026-05-14 08:13:49.814 T:27304    info <general>: Additional mode: 6Series58 #1: 2560x1440 @ 29.97Hz
2026-05-14 08:13:49.815 T:27304    info <general>: Additional mode: 6Series58 #1: 2560x1440 @ 60.00Hz
2026-05-14 08:13:49.815 T:27304    info <general>: Additional mode: 6Series58 #1: 2560x1440 @ 59.94Hz
2026-05-14 08:13:49.815 T:27304    info <general>: Additional mode: 6Series58 #1: 2560x1600 @ 24.00Hz
2026-05-14 08:13:49.815 T:27304    info <general>: Additional mode: 6Series58 #1: 2560x1600 @ 23.98Hz
2026-05-14 08:13:49.815 T:27304    info <general>: Additional mode: 6Series58 #1: 2560x1600 @ 30.00Hz
2026-05-14 08:13:49.815 T:27304    info <general>: Additional mode: 6Series58 #1: 2560x1600 @ 29.97Hz
2026-05-14 08:13:49.815 T:27304    info <general>: Additional mode: 6Series58 #1: 2560x1600 @ 60.00Hz
2026-05-14 08:13:49.816 T:27304    info <general>: Additional mode: 6Series58 #1: 2560x1600 @ 59.94Hz
2026-05-14 08:13:49.816 T:27304    info <general>: Additional mode: 6Series58 #1: 4096x2160 @ 24.00Hz
2026-05-14 08:13:49.816 T:27304    info <general>: Additional mode: 6Series58 #1: 4096x2160 @ 23.98Hz
2026-05-14 08:13:49.816 T:27304    info <general>: Additional mode: 6Series58 #1: 4096x2160 @ 60.00Hz
2026-05-14 08:13:49.816 T:27304    info <general>: Additional mode: 6Series58 #1: 4096x2160 @ 59.94Hz
2026-05-14 08:13:49.816 T:27304    info <general>: Additional mode: 6Series58 #1: 4096x2160 @ 30.00Hz
2026-05-14 08:13:49.816 T:27304    info <general>: Additional mode: 6Series58 #1: 4096x2160 @ 29.97Hz
2026-05-14 08:13:49.816 T:27304    info <general>: Additional mode: 6Series58 #1: 3840x2160 @ 24.00Hz
2026-05-14 08:13:49.816 T:27304    info <general>: Additional mode: 6Series58 #1: 3840x2160 @ 23.98Hz
2026-05-14 08:13:49.816 T:27304    info <general>: Additional mode: 6Series58 #1: 3840x2160 @ 30.00Hz
2026-05-14 08:13:49.816 T:27304    info <general>: Additional mode: 6Series58 #1: 3840x2160 @ 29.97Hz
2026-05-14 08:13:49.816 T:27304    info <general>: Additional mode: 6Series58 #1: 3840x2160 @ 60.00Hz
2026-05-14 08:13:49.816 T:27304    info <general>: Additional mode: 6Series58 #1: 3840x2160 @ 59.94Hz
2026-05-14 08:13:49.816 T:27304    info <general>: Additional mode: 6Series58 #1: 1152x864 @ 24.00Hz
2026-05-14 08:13:49.816 T:27304    info <general>: Additional mode: 6Series58 #1: 1152x864 @ 23.98Hz
2026-05-14 08:13:49.816 T:27304    info <general>: Additional mode: 6Series58 #1: 1152x864 @ 30.00Hz
2026-05-14 08:13:49.817 T:27304    info <general>: Additional mode: 6Series58 #1: 1152x864 @ 29.97Hz
2026-05-14 08:13:49.817 T:27304    info <general>: Additional mode: 6Series58 #1: 1152x864 @ 60.00Hz
2026-05-14 08:13:49.817 T:27304    info <general>: Additional mode: 6Series58 #1: 1152x864 @ 59.94Hz
2026-05-14 08:13:49.817 T:27304    info <general>: Additional mode: 6Series58 #1: 1440x900 @ 24.00Hz
2026-05-14 08:13:49.817 T:27304    info <general>: Additional mode: 6Series58 #1: 1440x900 @ 23.98Hz
2026-05-14 08:13:49.817 T:27304    info <general>: Additional mode: 6Series58 #1: 1440x900 @ 30.00Hz
2026-05-14 08:13:49.817 T:27304    info <general>: Additional mode: 6Series58 #1: 1440x900 @ 29.97Hz
2026-05-14 08:13:49.818 T:27304    info <general>: Additional mode: 6Series58 #1: 1440x900 @ 60.00Hz
2026-05-14 08:13:49.818 T:27304    info <general>: Additional mode: 6Series58 #1: 1440x900 @ 59.94Hz
2026-05-14 08:13:49.818 T:27304    info <general>: CApplication::CApplication::CreateGUI - using the default windowing system
2026-05-14 08:13:49.818 T:27304    info <general>: Checking resolution 16
2026-05-14 08:13:49.908 T:27304    info <general>: DX::DeviceResources::CheckNV12SharedTexturesSupport: extended NV12 shared textures is supported
2026-05-14 08:13:49.909 T:27304    info <general>: DX::DeviceResources::CreateDeviceResources: device is created on adapter 'NVIDIA GeForce RTX 4090' with D3D_FEATURE_LEVEL_12_1
2026-05-14 08:13:49.909 T:27304    info <general>: VideoDriverInfo::Log: video driver version is NVIDIA 596.36 (32.0.15.9636)
2026-05-14 08:13:49.909 T:27304    info <general>: DX::DeviceResources::CheckDXVA2SharedDecoderSurfaces: DXVA2 shared decoder surfaces is supported
2026-05-14 08:13:49.909 T:27304    info <general>: DX::DeviceResources::CheckDXVA2SharedDecoderSurfaces: DXVA2 shared decoder surfaces WITH fence synchronization.
2026-05-14 08:13:49.909 T:27304    info <general>: DX::DeviceResources::CheckDXVA2SharedDecoderSurfaces: DXVA Video Super Resolution is potentially supported
2026-05-14 08:13:49.919 T:27304    info <general>: DX::DeviceResources::ResizeBuffers: 10 bit swapchain is used with 6 flip discard buffers and SDR output (format R10G10B10A2_UNORM)
2026-05-14 08:13:49.944 T:27304    info <general>: RetroPlayer[RENDER]: Registering renderer factory for DirectX
2026-05-14 08:13:49.972 T:27304    info <general>: load keymapping
2026-05-14 08:13:49.972 T:27304    info <general>: Loading special://xbmc/system/keymaps/appcommand.xml
2026-05-14 08:13:49.972 T:27304    info <general>: Loading special://xbmc/system/keymaps/customcontroller.AppleRemote.xml
2026-05-14 08:13:49.972 T:27304    info <general>: Loading special://xbmc/system/keymaps/customcontroller.Harmony.xml
2026-05-14 08:13:49.973 T:27304    info <general>: Loading special://xbmc/system/keymaps/customcontroller.SiriRemote.xml
2026-05-14 08:13:49.973 T:27304    info <general>: Loading special://xbmc/system/keymaps/gamepad.xml
2026-05-14 08:13:49.973 T:27304    info <general>: Loading special://xbmc/system/keymaps/joystick.xml
2026-05-14 08:13:49.973 T:27304    info <general>: Loading special://xbmc/system/keymaps/keyboard.xml
2026-05-14 08:13:49.974 T:27304    info <general>: Loading special://xbmc/system/keymaps/mouse.xml
2026-05-14 08:13:49.974 T:27304    info <general>: Loading special://xbmc/system/keymaps/remote.xml
2026-05-14 08:13:49.974 T:27304    info <general>: Loading special://xbmc/system/keymaps/touchscreen.xml
2026-05-14 08:13:49.974 T:27304    info <general>: Loading special://masterprofile/keymaps/gen.xml
2026-05-14 08:13:49.975 T:27304    info <general>: Loading special://masterprofile/keymaps/nomousemove.xml
2026-05-14 08:13:49.975 T:27304    info <general>: Loading special://masterprofile/keymaps/super_favourites_menu.xml
2026-05-14 08:13:49.975 T:27304   error <general>: Keymapping error: no such action 'xbmc.runscript(special://home/userdata/addon_data/plugin.program.super.favourites/capturelauncher.py)' defined
2026-05-14 08:13:49.975 T:27304    info <general>: Skipped 10 duplicate messages..
2026-05-14 08:13:49.975 T:27304    info <general>: Loading special://masterprofile/keymaps/xstream_pvr.xml
2026-05-14 08:13:49.975 T:27304    info <general>: Loading special://profile/keymaps/gen.xml
2026-05-14 08:13:49.975 T:27304    info <general>: Loading special://profile/keymaps/nomousemove.xml
2026-05-14 08:13:49.975 T:27304    info <general>: Loading special://profile/keymaps/super_favourites_menu.xml
2026-05-14 08:13:49.975 T:27304   error <general>: Keymapping error: no such action 'xbmc.runscript(special://home/userdata/addon_data/plugin.program.super.favourites/capturelauncher.py)' defined
2026-05-14 08:13:49.975 T:27304    info <general>: Skipped 10 duplicate messages..
2026-05-14 08:13:49.975 T:27304    info <general>: Loading special://profile/keymaps/xstream_pvr.xml
2026-05-14 08:13:49.975 T:27304    info <general>: GUI format 3840x2160, Display 6Series58 #1: 3840x2160 @ 60.00Hz
2026-05-14 08:13:49.996 T:50520    info <general>: CAESinkWASAPI::EnumerateDevicesEx: sample rate 192khz on device "6Series58 (NVIDIA High Definition Audio)" seems to be not supported.
2026-05-14 08:13:49.999 T:50520    info <general>: CAESinkWASAPI::EnumerateDevicesEx: sample rate 192khz on device "SteelSeries Sonar - Gaming (SteelSeries Sonar Virtual Audio Device)" seems to be not supported.
2026-05-14 08:13:49.999 T:50520    info <general>: CAESinkWASAPI::EnumerateDevicesEx: sample rate 48khz on device "SteelSeries Sonar - Gaming (SteelSeries Sonar Virtual Audio Device)" seems to be not supported.
2026-05-14 08:13:50.094 T:50520    info <general>: CAESinkWASAPI::EnumerateDevicesEx: sample rate 192khz on device "SteelSeries Sonar - Microphone (SteelSeries Sonar Virtual Audio Device)" seems to be not supported.
2026-05-14 08:13:50.095 T:50520    info <general>: CAESinkWASAPI::EnumerateDevicesEx: sample rate 48khz on device "SteelSeries Sonar - Microphone (SteelSeries Sonar Virtual Audio Device)" seems to be not supported.
2026-05-14 08:13:50.099 T:50520    info <general>: CAESinkWASAPI::EnumerateDevicesEx: sample rate 192khz on device "SteelSeries Sonar - Media (SteelSeries Sonar Virtual Audio Device)" seems to be not supported.
2026-05-14 08:13:50.099 T:50520    info <general>: CAESinkWASAPI::EnumerateDevicesEx: sample rate 48khz on device "SteelSeries Sonar - Media (SteelSeries Sonar Virtual Audio Device)" seems to be not supported.
2026-05-14 08:13:50.102 T:50520    info <general>: CAESinkWASAPI::EnumerateDevicesEx: sample rate 192khz on device "SteelSeries Sonar - Chat (SteelSeries Sonar Virtual Audio Device)" seems to be not supported.
2026-05-14 08:13:50.118 T:50520    info <general>: CAESinkWASAPI::EnumerateDevicesEx: sample rate 48khz on device "SteelSeries Sonar - Chat (SteelSeries Sonar Virtual Audio Device)" seems to be not supported.
2026-05-14 08:13:50.118 T:50520    info <general>: Found 2 Lists of Devices
2026-05-14 08:13:50.118 T:50520    info <general>: Enumerated DIRECTSOUND devices:
2026-05-14 08:13:50.118 T:50520    info <general>:     Device 1
2026-05-14 08:13:50.119 T:50520    info <general>:         m_deviceName      : {32F6FCA4-EB06-42E6-86A2-A0A0F2A8D58C}
2026-05-14 08:13:50.119 T:50520    info <general>:         m_displayName     : Headphones - SteelSeries Sonar - Aux (SteelSeries Sonar Virtual Audio Device)
2026-05-14 08:13:50.119 T:50520    info <general>:         m_displayNameExtra: DIRECTSOUND: SteelSeries Sonar - Aux (SteelSeries Sonar Virtual Audio Device)
2026-05-14 08:13:50.119 T:50520    info <general>:         m_deviceType      : AE_DEVTYPE_PCM
2026-05-14 08:13:50.119 T:50520    info <general>:         m_channels        : FL, FR, FC, BL, BR, SL, SR, LFE
2026-05-14 08:13:50.119 T:50520    info <general>:         m_sampleRates     : 96000
2026-05-14 08:13:50.119 T:50520    info <general>:         m_dataFormats     : AE_FMT_FLOAT
2026-05-14 08:13:50.119 T:50520    info <general>:         m_streamTypes     : No passthrough capabilities
2026-05-14 08:13:50.119 T:50520    info <general>:     Device 2
2026-05-14 08:13:50.119 T:50520    info <general>:         m_deviceName      : {4606C80F-4118-45DC-A776-6F7BC73D10C4}
2026-05-14 08:13:50.119 T:50520    info <general>:         m_displayName     : Headphones - Headphones (4- Arctis Nova Pro Wireless)
2026-05-14 08:13:50.119 T:50520    info <general>:         m_displayNameExtra: DIRECTSOUND: Headphones (4- Arctis Nova Pro Wireless)
2026-05-14 08:13:50.119 T:50520    info <general>:         m_deviceType      : AE_DEVTYPE_PCM
2026-05-14 08:13:50.119 T:50520    info <general>:         m_channels        : FL, FR
2026-05-14 08:13:50.119 T:50520    info <general>:         m_sampleRates     : 48000
2026-05-14 08:13:50.119 T:50520    info <general>:         m_dataFormats     : AE_FMT_FLOAT
2026-05-14 08:13:50.119 T:50520    info <general>:         m_streamTypes     : No passthrough capabilities
2026-05-14 08:13:50.119 T:50520    info <general>:     Device 3
2026-05-14 08:13:50.119 T:50520    info <general>:         m_deviceName      : {AC215355-58A2-4E94-AC0C-97C75DED5203}
2026-05-14 08:13:50.119 T:50520    info <general>:         m_displayName     : HDMI - 6Series58 (NVIDIA High Definition Audio)
2026-05-14 08:13:50.119 T:50520    info <general>:         m_displayNameExtra: DIRECTSOUND: 6Series58 (NVIDIA High Definition Audio)
2026-05-14 08:13:50.119 T:50520    info <general>:         m_deviceType      : AE_DEVTYPE_HDMI
2026-05-14 08:13:50.119 T:50520    info <general>:         m_channels        : FL, FR
2026-05-14 08:13:50.119 T:50520    info <general>:         m_sampleRates     : 48000
2026-05-14 08:13:50.119 T:50520    info <general>:         m_dataFormats     : AE_FMT_FLOAT,AE_FMT_RAW
2026-05-14 08:13:50.119 T:50520    info <general>:         m_streamTypes     : STREAM_TYPE_AC3,STREAM_TYPE_DTSHD_CORE,STREAM_TYPE_DTS_1024,STREAM_TYPE_DTS_2048,STREAM_TYPE_DTS_512
2026-05-14 08:13:50.119 T:50520    info <general>:     Device 4
2026-05-14 08:13:50.119 T:50520    info <general>:         m_deviceName      : {D37A1594-9E39-4B0D-8B86-2B904A6F94FF}
2026-05-14 08:13:50.119 T:50520    info <general>:         m_displayName     : Headphones - SteelSeries Sonar - Gaming (SteelSeries Sonar Virtual Audio Device)
2026-05-14 08:13:50.119 T:50520    info <general>:         m_displayNameExtra: DIRECTSOUND: SteelSeries Sonar - Gaming (SteelSeries Sonar Virtual Audio Device)
2026-05-14 08:13:50.119 T:50520    info <general>:         m_deviceType      : AE_DEVTYPE_PCM
2026-05-14 08:13:50.119 T:50520    info <general>:         m_channels        : FL, FR, FC, BL, BR, SL, SR, LFE
2026-05-14 08:13:50.119 T:50520    info <general>:         m_sampleRates     : 96000
2026-05-14 08:13:50.119 T:50520    info <general>:         m_dataFormats     : AE_FMT_FLOAT
2026-05-14 08:13:50.119 T:50520    info <general>:         m_streamTypes     : STREAM_TYPE_AC3,STREAM_TYPE_DTSHD_CORE,STREAM_TYPE_DTS_1024,STREAM_TYPE_DTS_2048,STREAM_TYPE_DTS_512
2026-05-14 08:13:50.119 T:50520    info <general>:     Device 5
2026-05-14 08:13:50.119 T:50520    info <general>:         m_deviceName      : default
2026-05-14 08:13:50.119 T:50520    info <general>:         m_displayName     : default
2026-05-14 08:13:50.119 T:50520    info <general>:         m_displayNameExtra: 
2026-05-14 08:13:50.119 T:50520    info <general>:         m_deviceType      : AE_DEVTYPE_PCM
2026-05-14 08:13:50.119 T:50520    info <general>:         m_channels        : FL, FR, FC, BL, BR, SL, SR, LFE
2026-05-14 08:13:50.119 T:50520    info <general>:         m_sampleRates     : 96000
2026-05-14 08:13:50.119 T:50520    info <general>:         m_dataFormats     : AE_FMT_FLOAT
2026-05-14 08:13:50.119 T:50520    info <general>:         m_streamTypes     : STREAM_TYPE_AC3,STREAM_TYPE_DTSHD_CORE,STREAM_TYPE_DTS_1024,STREAM_TYPE_DTS_2048,STREAM_TYPE_DTS_512
2026-05-14 08:13:50.119 T:50520    info <general>:     Device 6
2026-05-14 08:13:50.119 T:50520    info <general>:         m_deviceName      : {D622EE33-1BAD-4904-812C-ACAB5E974048}
2026-05-14 08:13:50.119 T:50520    info <general>:         m_displayName     : LineLevel - SteelSeries Sonar - Microphone (SteelSeries Sonar Virtual Audio Device)
2026-05-14 08:13:50.119 T:50520    info <general>:         m_displayNameExtra: DIRECTSOUND: SteelSeries Sonar - Microphone (SteelSeries Sonar Virtual Audio Device)
2026-05-14 08:13:50.119 T:50520    info <general>:         m_deviceType      : AE_DEVTYPE_PCM
2026-05-14 08:13:50.119 T:50520    info <general>:         m_channels        : FL, FR
2026-05-14 08:13:50.119 T:50520    info <general>:         m_sampleRates     : 48000
2026-05-14 08:13:50.119 T:50520    info <general>:         m_dataFormats     : AE_FMT_FLOAT
2026-05-14 08:13:50.119 T:50520    info <general>:         m_streamTypes     : STREAM_TYPE_AC3,STREAM_TYPE_DTSHD_CORE,STREAM_TYPE_DTS_1024,STREAM_TYPE_DTS_2048,STREAM_TYPE_DTS_512
2026-05-14 08:13:50.119 T:50520    info <general>:     Device 7
2026-05-14 08:13:50.119 T:50520    info <general>:         m_deviceName      : {E21730A2-CB19-4DFF-9BA9-087375235D1A}
2026-05-14 08:13:50.119 T:50520    info <general>:         m_displayName     : Headphones - SteelSeries Sonar - Media (SteelSeries Sonar Virtual Audio Device)
2026-05-14 08:13:50.119 T:50520    info <general>:         m_displayNameExtra: DIRECTSOUND: SteelSeries Sonar - Media (SteelSeries Sonar Virtual Audio Device)
2026-05-14 08:13:50.119 T:50520    info <general>:         m_deviceType      : AE_DEVTYPE_PCM
2026-05-14 08:13:50.119 T:50520    info <general>:         m_channels        : FL, FR, FC, BL, BR, SL, SR, LFE
2026-05-14 08:13:50.119 T:50520    info <general>:         m_sampleRates     : 96000
2026-05-14 08:13:50.119 T:50520    info <general>:         m_dataFormats     : AE_FMT_FLOAT
2026-05-14 08:13:50.119 T:50520    info <general>:         m_streamTypes     : STREAM_TYPE_AC3,STREAM_TYPE_DTSHD_CORE,STREAM_TYPE_DTS_1024,STREAM_TYPE_DTS_2048,STREAM_TYPE_DTS_512
2026-05-14 08:13:50.119 T:50520    info <general>:     Device 8
2026-05-14 08:13:50.119 T:50520    info <general>:         m_deviceName      : {FB01883A-EB36-4810-A03F-6D6754DA16EB}
2026-05-14 08:13:50.119 T:50520    info <general>:         m_displayName     : Headset - SteelSeries Sonar - Chat (SteelSeries Sonar Virtual Audio Device)
2026-05-14 08:13:50.119 T:50520    info <general>:         m_displayNameExtra: DIRECTSOUND: SteelSeries Sonar - Chat (SteelSeries Sonar Virtual Audio Device)
2026-05-14 08:13:50.119 T:50520    info <general>:         m_deviceType      : AE_DEVTYPE_PCM
2026-05-14 08:13:50.119 T:50520    info <general>:         m_channels        : FL, FR
2026-05-14 08:13:50.119 T:50520    info <general>:         m_sampleRates     : 48000
2026-05-14 08:13:50.119 T:50520    info <general>:         m_dataFormats     : AE_FMT_FLOAT
2026-05-14 08:13:50.119 T:50520    info <general>:         m_streamTypes     : STREAM_TYPE_AC3,STREAM_TYPE_DTSHD_CORE,STREAM_TYPE_DTS_1024,STREAM_TYPE_DTS_2048,STREAM_TYPE_DTS_512
2026-05-14 08:13:50.119 T:50520    info <general>: Enumerated WASAPI devices:
2026-05-14 08:13:50.119 T:50520    info <general>:     Device 1
2026-05-14 08:13:50.119 T:50520    info <general>:         m_deviceName      : {32F6FCA4-EB06-42E6-86A2-A0A0F2A8D58C}
2026-05-14 08:13:50.119 T:50520    info <general>:         m_displayName     : Headphones - SteelSeries Sonar - Aux (SteelSeries Sonar Virtual Audio Device)
2026-05-14 08:13:50.119 T:50520    info <general>:         m_displayNameExtra: WASAPI: SteelSeries Sonar - Aux (SteelSeries Sonar Virtual Audio Device)
2026-05-14 08:13:50.119 T:50520    info <general>:         m_deviceType      : AE_DEVTYPE_PCM
2026-05-14 08:13:50.119 T:50520    info <general>:         m_channels        : FL, FR
2026-05-14 08:13:50.119 T:50520    info <general>:         m_sampleRates     : 
2026-05-14 08:13:50.119 T:50520    info <general>:         m_dataFormats     : 
2026-05-14 08:13:50.119 T:50520    info <general>:         m_streamTypes     : No passthrough capabilities
2026-05-14 08:13:50.119 T:50520    info <general>:     Device 2
2026-05-14 08:13:50.119 T:50520    info <general>:         m_deviceName      : {4606C80F-4118-45DC-A776-6F7BC73D10C4}
2026-05-14 08:13:50.119 T:50520    info <general>:         m_displayName     : Headphones - Headphones (4- Arctis Nova Pro Wireless)
2026-05-14 08:13:50.119 T:50520    info <general>:         m_displayNameExtra: WASAPI: Headphones (4- Arctis Nova Pro Wireless)
2026-05-14 08:13:50.119 T:50520    info <general>:         m_deviceType      : AE_DEVTYPE_PCM
2026-05-14 08:13:50.119 T:50520    info <general>:         m_channels        : FL, FR
2026-05-14 08:13:50.119 T:50520    info <general>:         m_sampleRates     : 48000
2026-05-14 08:13:50.119 T:50520    info <general>:         m_dataFormats     : AE_FMT_S24NE3,AE_FMT_S24LE3,AE_FMT_S24BE3,AE_FMT_S16NE,AE_FMT_S16LE,AE_FMT_S16BE
2026-05-14 08:13:50.119 T:50520    info <general>:         m_streamTypes     : No passthrough capabilities
2026-05-14 08:13:50.119 T:50520    info <general>:     Device 3
2026-05-14 08:13:50.119 T:50520    info <general>:         m_deviceName      : {AC215355-58A2-4E94-AC0C-97C75DED5203}
2026-05-14 08:13:50.119 T:50520    info <general>:         m_displayName     : HDMI - 6Series58 (NVIDIA High Definition Audio)
2026-05-14 08:13:50.119 T:50520    info <general>:         m_displayNameExtra: WASAPI: 6Series58 (NVIDIA High Definition Audio)
2026-05-14 08:13:50.119 T:50520    info <general>:         m_deviceType      : AE_DEVTYPE_HDMI
2026-05-14 08:13:50.119 T:50520    info <general>:         m_channels        : FL, FR
2026-05-14 08:13:50.119 T:50520    info <general>:         m_sampleRates     : 192000,48000,44100,32000
2026-05-14 08:13:50.119 T:50520    info <general>:         m_dataFormats     : AE_FMT_S24NE4MSB,AE_FMT_S16NE,AE_FMT_S16LE,AE_FMT_S16BE,AE_FMT_RAW
2026-05-14 08:13:50.119 T:50520    info <general>:         m_streamTypes     : STREAM_TYPE_DTSHD,STREAM_TYPE_DTSHD_MA,STREAM_TYPE_TRUEHD,STREAM_TYPE_EAC3,STREAM_TYPE_DTSHD_CORE,STREAM_TYPE_DTS_2048,STREAM_TYPE_DTS_1024,STREAM_TYPE_DTS_512,STREAM_TYPE_AC3
2026-05-14 08:13:50.119 T:50520    info <general>:     Device 4
2026-05-14 08:13:50.119 T:50520    info <general>:         m_deviceName      : {D37A1594-9E39-4B0D-8B86-2B904A6F94FF}
2026-05-14 08:13:50.119 T:50520    info <general>:         m_displayName     : Headphones - SteelSeries Sonar - Gaming (SteelSeries Sonar Virtual Audio Device)
2026-05-14 08:13:50.119 T:50520    info <general>:         m_displayNameExtra: WASAPI: SteelSeries Sonar - Gaming (SteelSeries Sonar Virtual Audio Device)
2026-05-14 08:13:50.119 T:50520    info <general>:         m_deviceType      : AE_DEVTYPE_PCM
2026-05-14 08:13:50.119 T:50520    info <general>:         m_channels        : FL, FR
2026-05-14 08:13:50.119 T:50520    info <general>:         m_sampleRates     : 192000,48000
2026-05-14 08:13:50.119 T:50520    info <general>:         m_dataFormats     : AE_FMT_RAW
2026-05-14 08:13:50.119 T:50520    info <general>:         m_streamTypes     : STREAM_TYPE_DTSHD,STREAM_TYPE_DTSHD_MA,STREAM_TYPE_TRUEHD,STREAM_TYPE_EAC3,STREAM_TYPE_DTSHD_CORE,STREAM_TYPE_DTS_2048,STREAM_TYPE_DTS_1024,STREAM_TYPE_DTS_512,STREAM_TYPE_AC3
2026-05-14 08:13:50.119 T:50520    info <general>:     Device 5
2026-05-14 08:13:50.119 T:50520    info <general>:         m_deviceName      : default
2026-05-14 08:13:50.119 T:50520    info <general>:         m_displayName     : default
2026-05-14 08:13:50.119 T:50520    info <general>:         m_displayNameExtra: 
2026-05-14 08:13:50.119 T:50520    info <general>:         m_deviceType      : AE_DEVTYPE_PCM
2026-05-14 08:13:50.119 T:50520    info <general>:         m_channels        : FL, FR
2026-05-14 08:13:50.119 T:50520    info <general>:         m_sampleRates     : 192000,48000
2026-05-14 08:13:50.119 T:50520    info <general>:         m_dataFormats     : AE_FMT_RAW
2026-05-14 08:13:50.119 T:50520    info <general>:         m_streamTypes     : STREAM_TYPE_DTSHD,STREAM_TYPE_DTSHD_MA,STREAM_TYPE_TRUEHD,STREAM_TYPE_EAC3,STREAM_TYPE_DTSHD_CORE,STREAM_TYPE_DTS_2048,STREAM_TYPE_DTS_1024,STREAM_TYPE_DTS_512,STREAM_TYPE_AC3
2026-05-14 08:13:50.119 T:50520    info <general>:     Device 6
2026-05-14 08:13:50.119 T:50520    info <general>:         m_deviceName      : {D622EE33-1BAD-4904-812C-ACAB5E974048}
2026-05-14 08:13:50.119 T:50520    info <general>:         m_displayName     : LineLevel - SteelSeries Sonar - Microphone (SteelSeries Sonar Virtual Audio Device)
2026-05-14 08:13:50.119 T:50520    info <general>:         m_displayNameExtra: WASAPI: SteelSeries Sonar - Microphone (SteelSeries Sonar Virtual Audio Device)
2026-05-14 08:13:50.119 T:50520    info <general>:         m_deviceType      : AE_DEVTYPE_PCM
2026-05-14 08:13:50.119 T:50520    info <general>:         m_channels        : FL, FR
2026-05-14 08:13:50.119 T:50520    info <general>:         m_sampleRates     : 192000,48000
2026-05-14 08:13:50.120 T:50520    info <general>:         m_dataFormats     : AE_FMT_S24NE3,AE_FMT_S24LE3,AE_FMT_S24BE3,AE_FMT_RAW
2026-05-14 08:13:50.120 T:50520    info <general>:         m_streamTypes     : STREAM_TYPE_DTSHD,STREAM_TYPE_DTSHD_MA,STREAM_TYPE_TRUEHD,STREAM_TYPE_EAC3,STREAM_TYPE_DTSHD_CORE,STREAM_TYPE_DTS_2048,STREAM_TYPE_DTS_1024,STREAM_TYPE_DTS_512,STREAM_TYPE_AC3
2026-05-14 08:13:50.120 T:50520    info <general>:     Device 7
2026-05-14 08:13:50.120 T:50520    info <general>:         m_deviceName      : {E21730A2-CB19-4DFF-9BA9-087375235D1A}
2026-05-14 08:13:50.120 T:50520    info <general>:         m_displayName     : Headphones - SteelSeries Sonar - Media (SteelSeries Sonar Virtual Audio Device)
2026-05-14 08:13:50.120 T:50520    info <general>:         m_displayNameExtra: WASAPI: SteelSeries Sonar - Media (SteelSeries Sonar Virtual Audio Device)
2026-05-14 08:13:50.120 T:50520    info <general>:         m_deviceType      : AE_DEVTYPE_PCM
2026-05-14 08:13:50.120 T:50520    info <general>:         m_channels        : FL, FR
2026-05-14 08:13:50.120 T:50520    info <general>:         m_sampleRates     : 192000,48000
2026-05-14 08:13:50.120 T:50520    info <general>:         m_dataFormats     : AE_FMT_RAW
2026-05-14 08:13:50.120 T:50520    info <general>:         m_streamTypes     : STREAM_TYPE_DTSHD,STREAM_TYPE_DTSHD_MA,STREAM_TYPE_TRUEHD,STREAM_TYPE_EAC3,STREAM_TYPE_DTSHD_CORE,STREAM_TYPE_DTS_2048,STREAM_TYPE_DTS_1024,STREAM_TYPE_DTS_512,STREAM_TYPE_AC3
2026-05-14 08:13:50.120 T:50520    info <general>:     Device 8
2026-05-14 08:13:50.120 T:50520    info <general>:         m_deviceName      : {FB01883A-EB36-4810-A03F-6D6754DA16EB}
2026-05-14 08:13:50.120 T:50520    info <general>:         m_displayName     : Headset - SteelSeries Sonar - Chat (SteelSeries Sonar Virtual Audio Device)
2026-05-14 08:13:50.120 T:50520    info <general>:         m_displayNameExtra: WASAPI: SteelSeries Sonar - Chat (SteelSeries Sonar Virtual Audio Device)
2026-05-14 08:13:50.120 T:50520    info <general>:         m_deviceType      : AE_DEVTYPE_PCM
2026-05-14 08:13:50.120 T:50520    info <general>:         m_channels        : FL, FR
2026-05-14 08:13:50.120 T:50520    info <general>:         m_sampleRates     : 192000,48000
2026-05-14 08:13:50.120 T:50520    info <general>:         m_dataFormats     : AE_FMT_S24NE3,AE_FMT_S24LE3,AE_FMT_S24BE3,AE_FMT_RAW
2026-05-14 08:13:50.120 T:50520    info <general>:         m_streamTypes     : STREAM_TYPE_DTSHD,STREAM_TYPE_DTSHD_MA,STREAM_TYPE_TRUEHD,STREAM_TYPE_EAC3,STREAM_TYPE_DTSHD_CORE,STREAM_TYPE_DTS_2048,STREAM_TYPE_DTS_1024,STREAM_TYPE_DTS_512,STREAM_TYPE_AC3
2026-05-14 08:13:50.120 T:50520 warning <general>: ActiveAE::CActiveAE::ValidateOutputDevices: passthrough output device setting has been updated from 'DIRECTSOUND:{D1157995-D50C-49A4-A4B7-9431D92FD21C}|HDMI - Digital Audio (HDMI) (High Definition Audio Device)' to 'DIRECTSOUND:{AC215355-58A2-4E94-AC0C-97C75DED5203}|HDMI - 6Series58 (NVIDIA High Definition Audio)'
2026-05-14 08:13:50.120 T:49228    info <general>: CActiveAESink::OpenSink - initialize sink
2026-05-14 08:13:50.132 T:50520 warning <general>: CActiveAE::ActiveAE::CActiveAE::StateMachine - signal: 0 from port: OutputControlPort not handled for state: 7
2026-05-14 08:13:50.132 T:27304    info <general>: Skipped 1 duplicate messages..
2026-05-14 08:13:50.132 T:27304    info <general>: CLangInfo: loading resource.language.en_gb language information...
2026-05-14 08:13:50.133 T:27304    info <general>: global locale set to en-us
2026-05-14 08:13:50.133 T:27304    info <general>: CLangInfo: loading resource.language.en_gb language strings...
2026-05-14 08:13:50.136 T:27304 warning <general>: Repository add-on repository.Fido uses plain HTTP for add-on downloads in path http://fantazyrepo.uk/_repo/ - this is insecure and will make your Kodi installation vulnerable to attacks if enabled!
2026-05-14 08:13:50.136 T:27304 warning <general>: Repository add-on repository.djaythemes uses plain HTTP for add-on downloads in path http://djaythemes.xyz/_repo/ - this is insecure and will make your Kodi installation vulnerable to attacks if enabled!
2026-05-14 08:13:50.136 T:27304 warning <general>: Repository add-on repository.elementumorg uses plain HTTP for add-on downloads in path http://127.0.0.1:65223/ - this is insecure and will make your Kodi installation vulnerable to attacks if enabled!
2026-05-14 08:13:50.136 T:27304 warning <general>: Repository add-on repository.funstersplace uses plain HTTP for add-on downloads in path http://funstersplace.net/19repo/ - this is insecure and will make your Kodi installation vulnerable to attacks if enabled!
2026-05-14 08:13:50.136 T:27304 warning <general>: Repository add-on repository.gearheads2 uses plain HTTP for add-on downloads in path http://racingondemand.xyz/_repo/ - this is insecure and will make your Kodi installation vulnerable to attacks if enabled!
2026-05-14 08:13:50.136 T:27304 warning <general>: Repository add-on repository.grindhousekodi uses plain HTTP for add-on downloads in path http://grindhousekodi.us/grindhouse/repo/ - this is insecure and will make your Kodi installation vulnerable to attacks if enabled!
2026-05-14 08:13:50.136 T:27304 warning <general>: Repository add-on repository.twistednutz uses plain HTTP for add-on downloads in path http://twistednuts.co.uk/twisted/repo/ - this is insecure and will make your Kodi installation vulnerable to attacks if enabled!
2026-05-14 08:13:50.156 T:20156   error <general>: Can't update database Addons33 from version 0 - it's too old
2026-05-14 08:13:50.157 T:20156    info <general>: Running database version ViewModes6
2026-05-14 08:13:50.157 T:20156    info <general>: Running database version Textures13
2026-05-14 08:13:50.158 T:20156    info <general>: Running database version MyMusic83
2026-05-14 08:13:50.159 T:20156    info <general>: Running database version MyVideos131
2026-05-14 08:13:50.159 T:20156    info <general>: Running database version TV46
2026-05-14 08:13:50.160 T:20156    info <general>: Running database version Epg16
2026-05-14 08:13:50.189 T:27304    info <general>: Unloaded skin
2026-05-14 08:13:50.190 T:27304    info <general>:   load skin from: C:\Users\Sobee\AppData\Roaming\Kodi\addons\skin.arctic.horizon.2\ (version: 422.8.30)
2026-05-14 08:13:50.190 T:27304    info <general>:   load fonts for skin...
2026-05-14 08:13:50.190 T:27304    info <general>: Loading skin includes from C:\Users\Sobee\AppData\Roaming\Kodi\addons\skin.arctic.horizon.2\1080i\Includes.xml
2026-05-14 08:13:50.253 T:27304    info <general>: GUIFontManager::LoadFontsFromFile: Loading <fontset> with name 'Default' from 'C:\Users\Sobee\AppData\Roaming\Kodi\addons\skin.arctic.horizon.2\1080i\Font.xml'
2026-05-14 08:13:50.259 T:27304    info <general>: ADDON::CSkinInfo::LoadTimers: Trying to load skin timers from C:\Users\Sobee\AppData\Roaming\Kodi\addons\skin.arctic.horizon.2\1080i\Timers.xml
2026-05-14 08:13:50.259 T:27304 warning <general>: CSkinTimerManager::LoadTimers: Could not load timers file C:\Users\Sobee\AppData\Roaming\Kodi\addons\skin.arctic.horizon.2\1080i\Timers.xml:  (Line: 0)
2026-05-14 08:13:50.259 T:27304    info <general>:   load new skin...
2026-05-14 08:13:50.259 T:27304    info <general>: Loading custom window XMLs from skin path C:\Users\Sobee\AppData\Roaming\Kodi\addons\skin.arctic.horizon.2\1080i
2026-05-14 08:13:50.263 T:27304    info <general>:   initialize new skin...
2026-05-14 08:13:50.263 T:27304    info <general>: Loading skin file: DialogBusy.xml, load type: LOAD_ON_GUI_INIT
2026-05-14 08:13:50.265 T:27304    info <general>: Loading skin file: Pointer.xml, load type: LOAD_ON_GUI_INIT
2026-05-14 08:13:50.265 T:27304    info <general>: Loading skin file: DialogVolumeBar.xml, load type: LOAD_ON_GUI_INIT
2026-05-14 08:13:50.266 T:27304    info <general>: Loading skin file: DialogExtendedProgressBar.xml, load type: LOAD_ON_GUI_INIT
2026-05-14 08:13:50.267 T:27304    info <general>: Loading skin file: DialogSeekBar.xml, load type: LOAD_ON_GUI_INIT
2026-05-14 08:13:50.273 T:27304    info <general>: Loading skin file: DialogNotification.xml, load type: LOAD_ON_GUI_INIT
2026-05-14 08:13:50.273 T:27304    info <general>: Loading skin file: Custom_1196_AutoVis.xml, load type: LOAD_ON_GUI_INIT
2026-05-14 08:13:50.273 T:27304    info <general>: Loading skin file: DialogBusy.xml, load type: LOAD_ON_GUI_INIT
2026-05-14 08:13:50.274 T:27304    info <general>: Loading skin file: Custom_1194_OverlayGrid.xml, load type: LOAD_ON_GUI_INIT
2026-05-14 08:13:50.274 T:27304    info <general>: Loading skin file: Custom_1199_Overlay.xml, load type: LOAD_ON_GUI_INIT
2026-05-14 08:13:50.275 T:27304    info <general>: Loading resource://resource.uisounds.amber/sounds.xml
2026-05-14 08:13:50.277 T:27304   error <general>: Window Translator: Can't find window InfoDialog
2026-05-14 08:13:50.281 T:27304    info <general>:   skin loaded...
2026-05-14 08:13:50.281 T:27304    info <general>: Loading skin file: Startup.xml, load type: LOAD_EVERY_TIME
2026-05-14 08:13:50.281 T:27304    info <general>: Loading skin file: Custom_1198_Startup.xml, load type: KEEP_IN_MEMORY
2026-05-14 08:13:50.290 T:27304 warning <general>: JSONRPC: Could not parse type "Setting.Details.SettingList"
2026-05-14 08:13:50.290 T:27304    info <general>: JSONRPC: Adding type "Setting.Details.SettingList" to list of incomplete definitions (waiting for "Setting.Details.Setting")
2026-05-14 08:13:50.290 T:27304    info <general>: JSONRPC: Resolving incomplete types/methods referencing Setting.Details.Setting
2026-05-14 08:13:50.294 T:27304    info <general>: JSONRPC v13.5.0: Successfully initialized
2026-05-14 08:13:50.295 T:27304    info <general>: AddOnLog: peripheral.joystick: Enabling joystick interface "xinput"
2026-05-14 08:13:50.296 T:27304    info <general>: AddOnLog: peripheral.joystick: Enabling joystick interface "directinput"
2026-05-14 08:13:50.296 T:27304    info <general>: PERIPHERALS::CPeripheralBus::Register - new keyboard device registered on application->keyboard: Keyboard (0000:0000)
2026-05-14 08:13:50.296 T:27304    info <general>: PERIPHERALS::CPeripheralBus::Register - new mouse device registered on application->mouse: Mouse (0000:0000)
2026-05-14 08:13:50.297 T:27304    info <general>: Loading player core factory settings from special://xbmc/system/playercorefactory.xml.
2026-05-14 08:13:50.297 T:27304    info <general>: Loaded playercorefactory configuration
2026-05-14 08:13:50.297 T:27304    info <general>: Loading player core factory settings from special://masterprofile/playercorefactory.xml.
2026-05-14 08:13:50.297 T:27304    info <general>: special://masterprofile/playercorefactory.xml does not exist. Skipping.
2026-05-14 08:13:50.297 T:27304    info <general>: removing tempfiles
2026-05-14 08:13:50.297 T:27304 warning <general>: Repository add-on repository.Fido uses plain HTTP for add-on downloads in path http://fantazyrepo.uk/_repo/ - this is insecure and will make your Kodi installation vulnerable to attacks if enabled!
2026-05-14 08:13:50.297 T:27304 warning <general>: Repository add-on repository.djaythemes uses plain HTTP for add-on downloads in path http://djaythemes.xyz/_repo/ - this is insecure and will make your Kodi installation vulnerable to attacks if enabled!
2026-05-14 08:13:50.297 T:27304 warning <general>: Repository add-on repository.elementumorg uses plain HTTP for add-on downloads in path http://127.0.0.1:65223/ - this is insecure and will make your Kodi installation vulnerable to attacks if enabled!
2026-05-14 08:13:50.297 T:27304 warning <general>: Repository add-on repository.funstersplace uses plain HTTP for add-on downloads in path http://funstersplace.net/19repo/ - this is insecure and will make your Kodi installation vulnerable to attacks if enabled!
2026-05-14 08:13:50.297 T:27304 warning <general>: Repository add-on repository.gearheads2 uses plain HTTP for add-on downloads in path http://racingondemand.xyz/_repo/ - this is insecure and will make your Kodi installation vulnerable to attacks if enabled!
2026-05-14 08:13:50.297 T:27304 warning <general>: Repository add-on repository.grindhousekodi uses plain HTTP for add-on downloads in path http://grindhousekodi.us/grindhouse/repo/ - this is insecure and will make your Kodi installation vulnerable to attacks if enabled!
2026-05-14 08:13:50.298 T:27304 warning <general>: Repository add-on repository.twistednutz uses plain HTTP for add-on downloads in path http://twistednuts.co.uk/twisted/repo/ - this is insecure and will make your Kodi installation vulnerable to attacks if enabled!
2026-05-14 08:13:50.304 T:27304    info <general>: initialize done
2026-05-14 08:13:50.304 T:27304    info <general>: Running the application...
2026-05-14 08:13:50.304 T:27304 warning <general>: Repository add-on repository.Fido uses plain HTTP for add-on downloads in path http://fantazyrepo.uk/_repo/ - this is insecure and will make your Kodi installation vulnerable to attacks if enabled!
2026-05-14 08:13:50.304 T:27304 warning <general>: Repository add-on repository.djaythemes uses plain HTTP for add-on downloads in path http://djaythemes.xyz/_repo/ - this is insecure and will make your Kodi installation vulnerable to attacks if enabled!
2026-05-14 08:13:50.305 T:27304 warning <general>: Repository add-on repository.elementumorg uses plain HTTP for add-on downloads in path http://127.0.0.1:65223/ - this is insecure and will make your Kodi installation vulnerable to attacks if enabled!
2026-05-14 08:13:50.305 T:27304 warning <general>: Repository add-on repository.funstersplace uses plain HTTP for add-on downloads in path http://funstersplace.net/19repo/ - this is insecure and will make your Kodi installation vulnerable to attacks if enabled!
2026-05-14 08:13:50.305 T:27304 warning <general>: Repository add-on repository.gearheads2 uses plain HTTP for add-on downloads in path http://racingondemand.xyz/_repo/ - this is insecure and will make your Kodi installation vulnerable to attacks if enabled!
2026-05-14 08:13:50.305 T:27304 warning <general>: Repository add-on repository.grindhousekodi uses plain HTTP for add-on downloads in path http://grindhousekodi.us/grindhouse/repo/ - this is insecure and will make your Kodi installation vulnerable to attacks if enabled!
2026-05-14 08:13:50.305 T:27304 warning <general>: Repository add-on repository.twistednutz uses plain HTTP for add-on downloads in path http://twistednuts.co.uk/twisted/repo/ - this is insecure and will make your Kodi installation vulnerable to attacks if enabled!
2026-05-14 08:13:50.305 T:27304    info <general>: starting upnp client
2026-05-14 08:13:50.307 T:27304    info <general>: starting upnp renderer
2026-05-14 08:13:50.308 T:31232    info <general>: ES: Starting UDP Event server on port 9777
2026-05-14 08:13:50.308 T:31232    info <general>: UDP: Listening on port 9777 (ipv6 : true)
2026-05-14 08:13:50.309 T:27304    info <general>: JSONRPC Server: Successfully initialized
2026-05-14 08:13:50.316 T:27304    info <general>: [WS-Discovery]: Daemon started successfully.
2026-05-14 08:13:50.362 T:20156    info <general>: WEATHER: Downloading weather
2026-05-14 08:13:50.456 T:27304    info <general>: Loading controller layout: C:\Program Files\Kodi\addons\game.controller.mouse\resources\layout.xml
2026-05-14 08:13:50.583 T:43520    info <general>: context.seren service: starting
2026-05-14 08:13:51.378 T:51720    info <general>: script.bingie.widgets --> Backgroundservice started
2026-05-14 08:13:51.463 T:50964    info <general>: !! SALTS !!: Main Monitor Service Starting
2026-05-14 08:13:51.463 T:50964    info <general>: !! SALTS !!: Settings Monitor Service Starting
2026-05-14 08:13:51.486 T:50964    info <general>: !! SALTS !!: InitializeDatabases Service Starting
2026-05-14 08:13:51.490 T:50964    info <general>: !! SALTS !!: InitializeDatabases Service Finished
2026-05-14 08:13:51.490 T:50964    info <general>: !! SALTS !!: CheckSettingsFile Service Starting
2026-05-14 08:13:51.506 T:27304    info <general>: Loading skin file: Home.xml, load type: KEEP_IN_MEMORY
2026-05-14 08:13:51.737 T:48216    info <general>: ###Fen Light###: Main Monitor Service Starting
2026-05-14 08:13:51.737 T:48216    info <general>: ###Fen Light###: SetAddonConstants Service Starting
2026-05-14 08:13:51.741 T:27304 warning <general>: Skin has invalid include: 
2026-05-14 08:13:51.809 T:27304   error <general>: Window Translator: Can't find window favourites
2026-05-14 08:13:51.886 T:50964    info <general>: !! SALTS !!: CheckSettingsFile Service Finished
2026-05-14 08:13:51.886 T:50964    info <general>: !! SALTS !!: ViewsSetWindowProperties Service Starting
2026-05-14 08:13:51.887 T:50964    info <general>: !! SALTS !!: ViewsSetWindowProperties Service Finished
2026-05-14 08:13:51.887 T:50964    info <general>: !! SALTS !!: ReuseLanguageInvokerCheck Service Starting
2026-05-14 08:13:51.891 T:50964    info <general>: !! SALTS !!: ReuseLanguageInvokerCheck Service Finished
2026-05-14 08:13:51.892 T:48216    info <general>: ###Fen Light###: SetAddonConstants Service Finished
2026-05-14 08:13:51.892 T:48216    info <general>: ###Fen Light###: DatabaseMaintenance Service Starting
2026-05-14 08:13:51.892 T:20584    info <general>: !! SALTS !!: Debrid Account Expiry Notification Service Starting
2026-05-14 08:13:51.892 T:50964    info <general>: !! SALTS !!: AutoRun Service Starting
2026-05-14 08:13:51.892 T:50964    info <general>: !! SALTS !!: AutoRun Service Finished
2026-05-14 08:13:51.892 T:50964    info <general>: !! SALTS !!: Clear Subtitles Service Starting
2026-05-14 08:13:51.892 T:50964    info <general>: !! SALTS !!: Clear Subtitles Service Finished
2026-05-14 08:13:51.918 T:48216    info <general>: ###Fen Light###: DatabaseMaintenance Service Finished
2026-05-14 08:13:51.918 T:48216    info <general>: ###Fen Light###: SyncSettings Service Starting
2026-05-14 08:13:51.923 T:20584    info <general>: !! SALTS !!: Debrid Account Expiry Notification Service Finished
2026-05-14 08:13:51.943 T:48216    info <general>: ###Fen Light###: SyncSettings Service Finished
2026-05-14 08:13:51.943 T:48216    info <general>: ###Fen Light###: OnUpdateChanges Service Starting
2026-05-14 08:13:51.943 T:48216    info <general>: ###Fen Light###: OnUpdateChanges Service Finished
2026-05-14 08:13:51.943 T:48216    info <general>: ###Fen Light###: AddonXMLCheck Service Starting
2026-05-14 08:13:52.363 T:50752    info <general>: [ script.module.gearsscrapers ]  Service Started
2026-05-14 08:13:52.363 T:50752    info <general>: [ script.module.gearsscrapers ]  CheckSettingsFile Service Starting...
2026-05-14 08:13:52.364 T:50752    info <general>: [ script.module.gearsscrapers ]  Finished CheckSettingsFile Service
2026-05-14 08:13:52.364 T:50752    info <general>: [ script.module.gearsscrapers ]  "CheckUndesirablesDatabase" Service Starting...
2026-05-14 08:13:52.394 T:46924    info <general>: [ script.module.magneto ]  Service Started
2026-05-14 08:13:52.394 T:46924    info <general>: [ script.module.magneto ]  CheckSettingsFile Service Starting...
2026-05-14 08:13:52.395 T:46924    info <general>: [ script.module.magneto ]  Finished CheckSettingsFile Service
2026-05-14 08:13:52.395 T:46924    info <general>: [ script.module.magneto ]  "CheckUndesirablesDatabase" Service Starting...
2026-05-14 08:13:52.665 T:48216    info <general>: ###Fen Light###: AddonXMLCheck Service Finished
2026-05-14 08:13:52.666 T:50024    info <general>: ###Fen Light###: CustomWindowsPrepare Service Starting
2026-05-14 08:13:52.666 T:51620    info <general>: ###Fen Light###: TraktMonitor Service Starting
2026-05-14 08:13:52.666 T:49884    info <general>: ###Fen Light###: UpdateCheck Service Starting
2026-05-14 08:13:52.666 T:51020    info <general>: ###Fen Light###: WidgetRefresher Service Starting
2026-05-14 08:13:52.666 T:48216    info <general>: ###Fen Light###: AutoStart Service Starting
2026-05-14 08:13:52.824 T:46924    info <general>: [ script.module.magneto ]  Finished "CheckUndesirablesDatabase" Service
2026-05-14 08:13:52.867 T:48216    info <general>: ###Fen Light###: AutoStart Service Finished
2026-05-14 08:13:52.871 T:46924    info <general>: [ script.module.magneto ]  Settings Monitor Service Starting...
2026-05-14 08:13:52.898 T:50752    info <general>: [ script.module.gearsscrapers ]  Finished "CheckUndesirablesDatabase" Service
2026-05-14 08:13:52.929 T:21452    info <general>: [ plugin.video.umbrella ]  Service Started
2026-05-14 08:13:52.929 T:21452    info <general>: [ plugin.video.umbrella ]  CheckSettingsFile Service Starting...
2026-05-14 08:13:52.929 T:21452    info <general>: C:\Users\Sobee\AppData\Roaming\Kodi\userdata\addon_data\plugin.video.umbrella\ : already exists
2026-05-14 08:13:52.929 T:50752    info <general>: [ script.module.gearsscrapers ]  Settings Monitor Service Starting...
2026-05-14 08:13:52.929 T:21452    info <general>: C:\Users\Sobee\AppData\Roaming\Kodi\userdata\addon_data\plugin.video.umbrella\settings.xml : already exists
2026-05-14 08:13:52.929 T:21452    info <general>: [ plugin.video.umbrella ]  Finished CheckSettingsFile Service
2026-05-14 08:13:52.929 T:21452    info <general>: [ plugin.video.umbrella ]  Sync Accounts with Scraper Starting...
2026-05-14 08:13:52.936 T:21452    info <general>: [ plugin.video.umbrella ]  Finished Sync with Scraper
2026-05-14 08:13:53.323 T:11844    info <general>: [ script.module.cocoscrapers ]  Service Started
2026-05-14 08:13:53.323 T:11844    info <general>: [ script.module.cocoscrapers ]  CheckSettingsFile Service Starting...
2026-05-14 08:13:53.324 T:11844    info <general>: C:\Users\Sobee\AppData\Roaming\Kodi\userdata\addon_data\script.module.cocoscrapers\ : already exists
2026-05-14 08:13:53.324 T:11844    info <general>: C:\Users\Sobee\AppData\Roaming\Kodi\userdata\addon_data\script.module.cocoscrapers\settings.xml : already exists
2026-05-14 08:13:53.324 T:11844    info <general>: [ script.module.cocoscrapers ]  Finished CheckSettingsFile Service
2026-05-14 08:13:53.324 T:11844    info <general>: [ script.module.cocoscrapers ]  "CheckUndesirablesDatabase" Service Starting...
2026-05-14 08:13:53.345 T:50476    info <general>: [ script.module.viperscrapers ]  Service Started
2026-05-14 08:13:53.345 T:50476    info <general>: [ script.module.viperscrapers ]  CheckSettingsFile Service Starting...
2026-05-14 08:13:53.345 T:50476    info <general>: C:\Users\Sobee\AppData\Roaming\Kodi\userdata\addon_data\script.module.viperscrapers\ : already exists
2026-05-14 08:13:53.346 T:50476    info <general>: C:\Users\Sobee\AppData\Roaming\Kodi\userdata\addon_data\script.module.viperscrapers\settings.xml : already exists
2026-05-14 08:13:53.346 T:50476    info <general>: [ script.module.viperscrapers ]  Finished CheckSettingsFile Service
2026-05-14 08:13:53.346 T:50476    info <general>: [ script.module.viperscrapers ]  "CheckUndesirablesDatabase" Service Starting...
2026-05-14 08:13:53.454 T:7056     info <general>: [CastHelper] Cast & info helper started.
2026-05-14 08:13:53.489 T:11844    info <general>: [ script.module.cocoscrapers ]  Finished "CheckUndesirablesDatabase" Service
2026-05-14 08:13:53.503 T:50476    info <general>: [ script.module.viperscrapers ]  Finished "CheckUndesirablesDatabase" Service
2026-05-14 08:13:53.523 T:11844    info <general>: [ script.module.cocoscrapers ]  Settings Monitor Service Starting...
2026-05-14 08:13:53.525 T:50476    info <general>: [ script.module.viperscrapers ]  Settings Monitor Service Starting...
2026-05-14 08:13:53.544 T:11276    info <general>: SEREN (0): ##################  STARTING SERVICE  ######################
2026-05-14 08:13:53.544 T:11276    info <general>: SEREN (0): ### plugin.video.seren 4.0.3
2026-05-14 08:13:53.544 T:11276    info <general>: SEREN (0): ### Platform: windows
2026-05-14 08:13:53.544 T:11276    info <general>: SEREN (0): ### Python: 3.8.15
2026-05-14 08:13:53.544 T:11276    info <general>: SEREN (0): ### SQLite: 3.30.1
2026-05-14 08:13:53.544 T:11276    info <general>: SEREN (0): ### Detected Kodi Version: 21
2026-05-14 08:13:53.544 T:11276    info <general>: SEREN (0): ### Detected timezone: 'America/New_York'
2026-05-14 08:13:53.544 T:11276    info <general>: SEREN (0): #############  SERVICE ENTERED KEEP ALIVE  #################
2026-05-14 08:13:53.640 T:51664    info <general>: [TheIntroDB] Service started
2026-05-14 08:13:53.869 T:11156    info <general>: CIRServerSuite::Process: failed to connect to irss, will keep retrying every 5 seconds
2026-05-14 08:13:53.920 T:2384  warning <CSettingDependencyCondition>: unable to check condition on unknown setting "provider.torrentio"
2026-05-14 08:13:54.051 T:6556     info <general>: Skipped 19 duplicate messages..
2026-05-14 08:13:54.051 T:6556     info <general>: [Kodi Favourites Sync] Starting sync (startup)
2026-05-14 08:13:54.051 T:6556     info <general>: [Kodi Favourites Sync] Setting check: upload_local_changes=True
2026-05-14 08:13:54.052 T:6556     info <general>: [Kodi Favourites Sync] noop: Google Drive is not paired yet. Run the pairing action before startup sync can use OAuth.
2026-05-14 08:13:55.233 T:47636    info <general>: [plugin.video.themoviedb.helper]
                                                   CACHE: Initialising...
                                                   C:\Users\Sobee\AppData\Roaming\Kodi\userdata\addon_data\plugin.video.themoviedb.helper\database_07\ItemQueries.db
                                                   database_07_ItemQueries.db_databaserowfactory_6.15.6
2026-05-14 08:13:56.138 T:39160    info <general>: SEREN (-1): Seren, Running Path - {'action': 'torrentCacheCleanup'}
2026-05-14 08:13:56.494 T:11520    info <general>: SEREN (-1): Seren, Running Path - {'action': 'runMaintenance'}
2026-05-14 08:13:56.510 T:43896    info <general>: SEREN (-1): Seren, Running Path - {'action': 'longLifeServiceManager'}
2026-05-14 08:13:56.995 T:43896    info <general>: SEREN (-1): Init provider packages
2026-05-14 08:13:57.100 T:14400    info <general>: AM Lite: Trakt startup state set to NOT READY
2026-05-14 08:13:57.108 T:17176    info <general>: !! SALTS !!: TraktMonitor Service Starting
2026-05-14 08:13:57.125 T:17176    info <general>: !! SALTS !!: TraktMonitor Service Update SALTS TraktMonitor - Aborted. No Trakt Account Active - Next Update in 30 minutes...
2026-05-14 08:13:57.126 T:17176    info <general>: !! SALTS !!: TraktMonitor Service Update SALTS MDBListMonitor - Aborted. No MDBList Account Active - Next Update in 30 minutes...
2026-05-14 08:13:57.126 T:17176    info <general>: !! SALTS !!: TraktMonitor Service Update SALTS FlickListMonitor - Aborted. No FLickList Account Active - Next Update in 30 minutes...
2026-05-14 08:13:57.466 T:51704   error <general>: XFILE::CDirectory::GetDirectory - Error getting plugin://plugin.video.imdb.trailers/?action=list1&key=coming&reload=20260514121351
2026-05-14 08:13:57.533 T:51620    info <general>: ###Trakt Error###: 429 Client Error: Too Many Requests for url: https://api.trakt.tv/oauth/token
2026-05-14 08:13:57.534 T:51620    info <general>: ###Fen Light###: TraktMonitor Service Update Success. (Unauthorized) Trakt Update Performed - Next Update in 60 minutes...
2026-05-14 08:13:57.580 T:21452    info <general>: [ plugin.video.umbrella ] Debrid Account Expiry Notification Service Starting...
2026-05-14 08:13:57.673 T:35304    info <general>: Skin Helper Service --> Skin Helper Service version 1.20.3 started
2026-05-14 08:13:57.794 T:6536     info <general>: [plugin.video.themoviedb.helper]
                                                   [08:13:57.793771] Trakt authentication token confirmed.
2026-05-14 08:13:57.794 T:6536     info <general>: Trakt authorization check took 2.499 sec
2026-05-14 08:13:57.951 T:13648    info <general>: [plugin.video.themoviedb.helper]
                                                   CACHE: Initialising...
                                                   C:\Users\Sobee\AppData\Roaming\Kodi\userdata\addon_data\plugin.video.themoviedb.helper\database_07\ItemDetails.db
                                                   database_07_ItemDetails.db_databaserowfactory_6.15.6
2026-05-14 08:13:58.169 T:52072    info <general>: script.module.slyguy - Shared Service: Started
2026-05-14 08:13:58.169 T:52072    info <general>: script.module.slyguy - Kodi Version: 21
2026-05-14 08:13:58.169 T:52072    info <general>: script.module.slyguy - System: Windows, Arch: 64bit
2026-05-14 08:13:58.169 T:52072    info <general>: script.module.slyguy - Python Version: 3.8.15 (default, Oct 17 2022, 02:39:57) [MSC v.1929 64 bit (AMD64)]
2026-05-14 08:13:58.169 T:52072    info <general>: script.module.slyguy - OpenSSL Version: OpenSSL 1.1.1q  5 Jul 2022
2026-05-14 08:13:58.174 T:52072    info <general>: script.module.slyguy - Proxy Started: http://127.0.0.1:8095/
2026-05-14 08:13:58.174 T:52072    info <general>: script.module.slyguy - Visit donate.slyguy.uk to become a supporter and unlock perks!
2026-05-14 08:13:58.175 T:52072    info <general>: script.module.slyguy - Widevine Level (fallback): 3
2026-05-14 08:13:58.175 T:52072    info <general>: script.module.slyguy - HDCP Level (fallback): 0.0
2026-05-14 08:13:58.261 T:5564  warning <general>: [plugin.video.youtube] xbmc_context_ui:209(refresh_container) - Plugin container not found for 'FileNameAndPath'
2026-05-14 08:13:58.261 T:5564  warning <general>: [plugin.video.youtube] xbmc_context_ui:209(refresh_container) - Plugin container not found for 'IsUpdating'
2026-05-14 08:13:58.261 T:5564  warning <general>: [plugin.video.youtube] xbmc_context_ui:209(refresh_container) - Plugin container not found for 'NumAllItems'
2026-05-14 08:13:58.261 T:5564  warning <general>: [plugin.video.youtube] xbmc_context_ui:209(refresh_container) - Plugin container not found for 'HasFolders'
2026-05-14 08:13:58.261 T:5564  warning <general>: [plugin.video.youtube] xbmc_context_ui:209(refresh_container) - Plugin container not found for 'HasFiles'
2026-05-14 08:13:58.261 T:5564  warning <general>: [plugin.video.youtube] xbmc_context_ui:209(refresh_container) - Plugin container not found for 'HasParent'
2026-05-14 08:13:58.261 T:26232 warning <general>: [plugin.video.youtubek] xbmc_context_ui:207(refresh_container) - Plugin container not found for 'FileNameAndPath'
2026-05-14 08:13:58.262 T:26232 warning <general>: [plugin.video.youtubek] xbmc_context_ui:207(refresh_container) - Plugin container not found for 'IsUpdating'
2026-05-14 08:13:58.262 T:26232 warning <general>: [plugin.video.youtubek] xbmc_context_ui:207(refresh_container) - Plugin container not found for 'NumAllItems'
2026-05-14 08:13:58.262 T:26232 warning <general>: [plugin.video.youtubek] xbmc_context_ui:207(refresh_container) - Plugin container not found for 'HasFolders'
2026-05-14 08:13:58.262 T:26232 warning <general>: [plugin.video.youtubek] xbmc_context_ui:207(refresh_container) - Plugin container not found for 'HasFiles'
2026-05-14 08:13:58.262 T:26232 warning <general>: [plugin.video.youtubek] xbmc_context_ui:207(refresh_container) - Plugin container not found for 'HasParent'
2026-05-14 08:13:58.262 T:26232    info <general>: [plugin.video.youtubek] service_runner:54(run)
                                                   Starting v420.7.4.1.1
                                                   Kodi:    v21.3 (Kodi Omega)
                                                   Python:  v3.8.15
2026-05-14 08:13:58.263 T:5564     info <general>: [plugin.video.youtube] service_runner:54(run)
                                                   Starting v7.4.3+unofficial.1 (unofficial)
                                                   Kodi:    v21.3 (Kodi Omega)
                                                   Python:  v3.8.15
2026-05-14 08:13:58.432 T:11520    info <general>: SEREN (-1): Performing Maintenance
2026-05-14 08:13:58.532 T:11520    info <general>: SEREN (-1): Init provider packages
2026-05-14 08:13:58.924 T:43896    info <general>: SEREN (-1): Starting Service Manager Long Life Service
2026-05-14 08:13:58.924 T:43896    info <general>: SEREN (-1): Request to start services for package: a4kScrapers v2.96.0
2026-05-14 08:13:59.376 T:11520    info <general>: SEREN (-1): Init provider packages
2026-05-14 08:14:00.098 T:48336    info <general>: SEREN (4): Seren, Running Path - {'action': 'movieTrendingRecent'}
2026-05-14 08:14:00.197 T:21452    info <general>: [ plugin.video.umbrella ]  ReuseLanguageInvokerCheck Service Starting...
2026-05-14 08:14:00.624 T:21452    info <general>: [ plugin.video.umbrella ]  ReuseLanguageInvokerCheck Service Finished
2026-05-14 08:14:00.624 T:21452    info <general>: [ plugin.video.umbrella ]  Addon checking available updates
2026-05-14 08:14:00.699 T:21452    info <general>: [ plugin.video.umbrella ]  Addon update check complete
2026-05-14 08:14:00.702 T:21452    info <general>: [ plugin.video.umbrella ]  Checking for AutoStart....
2026-05-14 08:14:00.702 T:21452    info <general>: [ plugin.video.umbrella ]  Finished AutoStart Check
2026-05-14 08:14:00.702 T:49284    info <general>: [ plugin.video.umbrella ]  Account Sync Service Starting (sync check every 15 minutes)...
2026-05-14 08:14:00.706 T:21452    info <general>: [ plugin.video.umbrella ]  Settings Monitor Service Starting...
2026-05-14 08:14:01.269 T:48336 warning <general>: ListItem.addStreamInfo() is deprecated and might be removed in future Kodi versions. Please use InfoTagVideo.addVideoStream(), InfoTagVideo.addAudioStream() and InfoTagVideo.addSubtitleStream().
2026-05-14 08:14:01.396 T:48336 warning <general>: ListItem.setCast() is deprecated and might be removed in future Kodi versions. Please use InfoTagVideo.setCast().
2026-05-14 08:14:01.397 T:48336 warning <general>: ListItem.setUniqueIDs() is deprecated and might be removed in future Kodi versions. Please use InfoTagVideo.setUniqueIDs().
2026-05-14 08:14:01.397 T:48336 warning <general>: ListItem.setRating() is deprecated and might be removed in future Kodi versions. Please use InfoTagVideo.setRating().
2026-05-14 08:14:01.397 T:48336    info <general>: Skipped 1 duplicate messages..
2026-05-14 08:14:01.397 T:48336 warning <general>: Setting most video properties through ListItem.setInfo() is deprecated and might be removed in future Kodi versions. Please use the respective setter in InfoTagVideo.
2026-05-14 08:14:01.397 T:48336 warning <general>: ListItem.addStreamInfo() is deprecated and might be removed in future Kodi versions. Please use InfoTagVideo.addVideoStream(), InfoTagVideo.addAudioStream() and InfoTagVideo.addSubtitleStream().
2026-05-14 08:14:01.400 T:48336 warning <general>: ListItem.setCast() is deprecated and might be removed in future Kodi versions. Please use InfoTagVideo.setCast().
2026-05-14 08:14:01.400 T:48336 warning <general>: ListItem.setUniqueIDs() is deprecated and might be removed in future Kodi versions. Please use InfoTagVideo.setUniqueIDs().
2026-05-14 08:14:01.400 T:48336 warning <general>: ListItem.setRating() is deprecated and might be removed in future Kodi versions. Please use InfoTagVideo.setRating().
2026-05-14 08:14:01.400 T:48336    info <general>: Skipped 1 duplicate messages..
2026-05-14 08:14:01.400 T:48336 warning <general>: Setting most video properties through ListItem.setInfo() is deprecated and might be removed in future Kodi versions. Please use the respective setter in InfoTagVideo.
2026-05-14 08:14:01.401 T:48336 warning <general>: ListItem.addStreamInfo() is deprecated and might be removed in future Kodi versions. Please use InfoTagVideo.addVideoStream(), InfoTagVideo.addAudioStream() and InfoTagVideo.addSubtitleStream().
2026-05-14 08:14:01.401 T:48336 warning <general>: ListItem.setCast() is deprecated and might be removed in future Kodi versions. Please use InfoTagVideo.setCast().
2026-05-14 08:14:01.401 T:48336 warning <general>: ListItem.setUniqueIDs() is deprecated and might be removed in future Kodi versions. Please use InfoTagVideo.setUniqueIDs().
2026-05-14 08:14:01.401 T:48336 warning <general>: ListItem.setRating() is deprecated and might be removed in future Kodi versions. Please use InfoTagVideo.setRating().
2026-05-14 08:14:01.402 T:48336    info <general>: Skipped 1 duplicate messages..
2026-05-14 08:14:01.402 T:48336 warning <general>: Setting most video properties through ListItem.setInfo() is deprecated and might be removed in future Kodi versions. Please use the respective setter in InfoTagVideo.
2026-05-14 08:14:01.402 T:48336 warning <general>: ListItem.addStreamInfo() is deprecated and might be removed in future Kodi versions. Please use InfoTagVideo.addVideoStream(), InfoTagVideo.addAudioStream() and InfoTagVideo.addSubtitleStream().
2026-05-14 08:14:01.402 T:48336 warning <general>: ListItem.setCast() is deprecated and might be removed in future Kodi versions. Please use InfoTagVideo.setCast().
2026-05-14 08:14:01.402 T:48336 warning <general>: ListItem.setUniqueIDs() is deprecated and might be removed in future Kodi versions. Please use InfoTagVideo.setUniqueIDs().
2026-05-14 08:14:01.403 T:48336 warning <general>: ListItem.setRating() is deprecated and might be removed in future Kodi versions. Please use InfoTagVideo.setRating().
2026-05-14 08:14:01.403 T:48336    info <general>: Skipped 1 duplicate messages..
2026-05-14 08:14:01.403 T:48336 warning <general>: Setting most video properties through ListItem.setInfo() is deprecated and might be removed in future Kodi versions. Please use the respective setter in InfoTagVideo.
2026-05-14 08:14:01.403 T:48336 warning <general>: ListItem.addStreamInfo() is deprecated and might be removed in future Kodi versions. Please use InfoTagVideo.addVideoStream(), InfoTagVideo.addAudioStream() and InfoTagVideo.addSubtitleStream().
2026-05-14 08:14:01.403 T:48336 warning <general>: ListItem.setCast() is deprecated and might be removed in future Kodi versions. Please use InfoTagVideo.setCast().
2026-05-14 08:14:01.403 T:48336 warning <general>: ListItem.setUniqueIDs() is deprecated and might be removed in future Kodi versions. Please use InfoTagVideo.setUniqueIDs().
2026-05-14 08:14:01.403 T:48336 warning <general>: ListItem.setRating() is deprecated and might be removed in future Kodi versions. Please use InfoTagVideo.setRating().
2026-05-14 08:14:01.403 T:48336    info <general>: Skipped 1 duplicate messages..
2026-05-14 08:14:01.403 T:48336 warning <general>: Setting most video properties through ListItem.setInfo() is deprecated and might be removed in future Kodi versions. Please use the respective setter in InfoTagVideo.
2026-05-14 08:14:01.403 T:48336 warning <general>: ListItem.addStreamInfo() is deprecated and might be removed in future Kodi versions. Please use InfoTagVideo.addVideoStream(), InfoTagVideo.addAudioStream() and InfoTagVideo.addSubtitleStream().
2026-05-14 08:14:01.403 T:48336 warning <general>: ListItem.setCast() is deprecated and might be removed in future Kodi versions. Please use InfoTagVideo.setCast().
2026-05-14 08:14:01.403 T:48336 warning <general>: ListItem.setUniqueIDs() is deprecated and might be removed in future Kodi versions. Please use InfoTagVideo.setUniqueIDs().
2026-05-14 08:14:01.403 T:48336 warning <general>: ListItem.setRating() is deprecated and might be removed in future Kodi versions. Please use InfoTagVideo.setRating().
2026-05-14 08:14:01.404 T:48336    info <general>: Skipped 1 duplicate messages..
2026-05-14 08:14:01.404 T:48336 warning <general>: Setting most video properties through ListItem.setInfo() is deprecated and might be removed in future Kodi versions. Please use the respective setter in InfoTagVideo.
2026-05-14 08:14:01.404 T:48336 warning <general>: ListItem.addStreamInfo() is deprecated and might be removed in future Kodi versions. Please use InfoTagVideo.addVideoStream(), InfoTagVideo.addAudioStream() and InfoTagVideo.addSubtitleStream().
2026-05-14 08:14:01.404 T:48336 warning <general>: ListItem.setCast() is deprecated and might be removed in future Kodi versions. Please use InfoTagVideo.setCast().
2026-05-14 08:14:01.404 T:48336 warning <general>: ListItem.setUniqueIDs() is deprecated and might be removed in future Kodi versions. Please use InfoTagVideo.setUniqueIDs().
2026-05-14 08:14:01.404 T:48336 warning <general>: ListItem.setRating() is deprecated and might be removed in future Kodi versions. Please use InfoTagVideo.setRating().
2026-05-14 08:14:01.404 T:48336    info <general>: Skipped 1 duplicate messages..
2026-05-14 08:14:01.404 T:48336 warning <general>: Setting most video properties through ListItem.setInfo() is deprecated and might be removed in future Kodi versions. Please use the respective setter in InfoTagVideo.
2026-05-14 08:14:01.404 T:48336 warning <general>: ListItem.addStreamInfo() is deprecated and might be removed in future Kodi versions. Please use InfoTagVideo.addVideoStream(), InfoTagVideo.addAudioStream() and InfoTagVideo.addSubtitleStream().
2026-05-14 08:14:01.404 T:48336 warning <general>: ListItem.setCast() is deprecated and might be removed in future Kodi versions. Please use InfoTagVideo.setCast().
2026-05-14 08:14:01.404 T:48336 warning <general>: ListItem.setUniqueIDs() is deprecated and might be removed in future Kodi versions. Please use InfoTagVideo.setUniqueIDs().
2026-05-14 08:14:01.404 T:48336 warning <general>: ListItem.setRating() is deprecated and might be removed in future Kodi versions. Please use InfoTagVideo.setRating().
2026-05-14 08:14:01.404 T:48336    info <general>: Skipped 1 duplicate messages..
2026-05-14 08:14:01.404 T:48336 warning <general>: Setting most video properties through ListItem.setInfo() is deprecated and might be removed in future Kodi versions. Please use the respective setter in InfoTagVideo.
2026-05-14 08:14:01.404 T:48336 warning <general>: ListItem.addStreamInfo() is deprecated and might be removed in future Kodi versions. Please use InfoTagVideo.addVideoStream(), InfoTagVideo.addAudioStream() and InfoTagVideo.addSubtitleStream().
2026-05-14 08:14:01.404 T:48336 warning <general>: ListItem.setCast() is deprecated and might be removed in future Kodi versions. Please use InfoTagVideo.setCast().
2026-05-14 08:14:01.404 T:48336 warning <general>: ListItem.setUniqueIDs() is deprecated and might be removed in future Kodi versions. Please use InfoTagVideo.setUniqueIDs().
2026-05-14 08:14:01.404 T:48336 warning <general>: ListItem.setRating() is deprecated and might be removed in future Kodi versions. Please use InfoTagVideo.setRating().
2026-05-14 08:14:01.405 T:48336    info <general>: Skipped 1 duplicate messages..
2026-05-14 08:14:01.405 T:48336 warning <general>: Setting most video properties through ListItem.setInfo() is deprecated and might be removed in future Kodi versions. Please use the respective setter in InfoTagVideo.
2026-05-14 08:14:01.405 T:48336 warning <general>: ListItem.addStreamInfo() is deprecated and might be removed in future Kodi versions. Please use InfoTagVideo.addVideoStream(), InfoTagVideo.addAudioStream() and InfoTagVideo.addSubtitleStream().
2026-05-14 08:14:01.405 T:48336 warning <general>: ListItem.setCast() is deprecated and might be removed in future Kodi versions. Please use InfoTagVideo.setCast().
2026-05-14 08:14:01.405 T:48336 warning <general>: ListItem.setUniqueIDs() is deprecated and might be removed in future Kodi versions. Please use InfoTagVideo.setUniqueIDs().
2026-05-14 08:14:01.405 T:48336 warning <general>: ListItem.setRating() is deprecated and might be removed in future Kodi versions. Please use InfoTagVideo.setRating().
2026-05-14 08:14:01.405 T:48336    info <general>: Skipped 1 duplicate messages..
2026-05-14 08:14:01.405 T:48336 warning <general>: Setting most video properties through ListItem.setInfo() is deprecated and might be removed in future Kodi versions. Please use the respective setter in InfoTagVideo.
2026-05-14 08:14:01.405 T:48336 warning <general>: ListItem.addStreamInfo() is deprecated and might be removed in future Kodi versions. Please use InfoTagVideo.addVideoStream(), InfoTagVideo.addAudioStream() and InfoTagVideo.addSubtitleStream().
2026-05-14 08:14:01.406 T:48336 warning <general>: ListItem.setCast() is deprecated and might be removed in future Kodi versions. Please use InfoTagVideo.setCast().
2026-05-14 08:14:01.406 T:48336 warning <general>: ListItem.setUniqueIDs() is deprecated and might be removed in future Kodi versions. Please use InfoTagVideo.setUniqueIDs().
2026-05-14 08:14:01.406 T:48336 warning <general>: ListItem.setRating() is deprecated and might be removed in future Kodi versions. Please use InfoTagVideo.setRating().
2026-05-14 08:14:01.406 T:48336    info <general>: Skipped 1 duplicate messages..
2026-05-14 08:14:01.406 T:48336 warning <general>: Setting most video properties through ListItem.setInfo() is deprecated and might be removed in future Kodi versions. Please use the respective setter in InfoTagVideo.
2026-05-14 08:14:01.406 T:48336 warning <general>: ListItem.addStreamInfo() is deprecated and might be removed in future Kodi versions. Please use InfoTagVideo.addVideoStream(), InfoTagVideo.addAudioStream() and InfoTagVideo.addSubtitleStream().
2026-05-14 08:14:01.406 T:48336 warning <general>: ListItem.setCast() is deprecated and might be removed in future Kodi versions. Please use InfoTagVideo.setCast().
2026-05-14 08:14:01.710 T:48336 warning <general>: ListItem.setUniqueIDs() is deprecated and might be removed in future Kodi versions. Please use InfoTagVideo.setUniqueIDs().
2026-05-14 08:14:01.711 T:48336 warning <general>: ListItem.setRating() is deprecated and might be removed in future Kodi versions. Please use InfoTagVideo.setRating().
2026-05-14 08:14:01.711 T:48336    info <general>: Skipped 1 duplicate messages..
2026-05-14 08:14:01.711 T:48336 warning <general>: Setting most video properties through ListItem.setInfo() is deprecated and might be removed in future Kodi versions. Please use the respective setter in InfoTagVideo.
2026-05-14 08:14:01.860 T:48336 warning <general>: ListItem.addStreamInfo() is deprecated and might be removed in future Kodi versions. Please use InfoTagVideo.addVideoStream(), InfoTagVideo.addAudioStream() and InfoTagVideo.addSubtitleStream().
2026-05-14 08:14:01.860 T:48336 warning <general>: ListItem.setCast() is deprecated and might be removed in future Kodi versions. Please use InfoTagVideo.setCast().
2026-05-14 08:14:01.860 T:48336 warning <general>: ListItem.setUniqueIDs() is deprecated and might be removed in future Kodi versions. Please use InfoTagVideo.setUniqueIDs().
2026-05-14 08:14:01.860 T:48336 warning <general>: ListItem.setRating() is deprecated and might be removed in future Kodi versions. Please use InfoTagVideo.setRating().
2026-05-14 08:14:01.861 T:48336    info <general>: Skipped 1 duplicate messages..
2026-05-14 08:14:01.861 T:48336 warning <general>: Setting most video properties through ListItem.setInfo() is deprecated and might be removed in future Kodi versions. Please use the respective setter in InfoTagVideo.
2026-05-14 08:14:01.861 T:48336 warning <general>: ListItem.addStreamInfo() is deprecated and might be removed in future Kodi versions. Please use InfoTagVideo.addVideoStream(), InfoTagVideo.addAudioStream() and InfoTagVideo.addSubtitleStream().
2026-05-14 08:14:01.861 T:48336 warning <general>: ListItem.setCast() is deprecated and might be removed in future Kodi versions. Please use InfoTagVideo.setCast().
2026-05-14 08:14:01.861 T:48336 warning <general>: ListItem.setUniqueIDs() is deprecated and might be removed in future Kodi versions. Please use InfoTagVideo.setUniqueIDs().
2026-05-14 08:14:01.861 T:48336 warning <general>: ListItem.setRating() is deprecated and might be removed in future Kodi versions. Please use InfoTagVideo.setRating().
2026-05-14 08:14:01.861 T:48336    info <general>: Skipped 1 duplicate messages..
2026-05-14 08:14:01.861 T:48336 warning <general>: Setting most video properties through ListItem.setInfo() is deprecated and might be removed in future Kodi versions. Please use the respective setter in InfoTagVideo.
2026-05-14 08:14:01.861 T:48336 warning <general>: ListItem.addStreamInfo() is deprecated and might be removed in future Kodi versions. Please use InfoTagVideo.addVideoStream(), InfoTagVideo.addAudioStream() and InfoTagVideo.addSubtitleStream().
2026-05-14 08:14:01.861 T:48336 warning <general>: ListItem.setCast() is deprecated and might be removed in future Kodi versions. Please use InfoTagVideo.setCast().
2026-05-14 08:14:01.861 T:48336 warning <general>: ListItem.setUniqueIDs() is deprecated and might be removed in future Kodi versions. Please use InfoTagVideo.setUniqueIDs().
2026-05-14 08:14:01.861 T:48336 warning <general>: ListItem.setRating() is deprecated and might be removed in future Kodi versions. Please use InfoTagVideo.setRating().
2026-05-14 08:14:01.861 T:48336    info <general>: Skipped 1 duplicate messages..
2026-05-14 08:14:01.861 T:48336 warning <general>: Setting most video properties through ListItem.setInfo() is deprecated and might be removed in future Kodi versions. Please use the respective setter in InfoTagVideo.
2026-05-14 08:14:01.861 T:48336 warning <general>: ListItem.addStreamInfo() is deprecated and might be removed in future Kodi versions. Please use InfoTagVideo.addVideoStream(), InfoTagVideo.addAudioStream() and InfoTagVideo.addSubtitleStream().
2026-05-14 08:14:01.861 T:48336 warning <general>: ListItem.setCast() is deprecated and might be removed in future Kodi versions. Please use InfoTagVideo.setCast().
2026-05-14 08:14:01.861 T:48336 warning <general>: ListItem.setUniqueIDs() is deprecated and might be removed in future Kodi versions. Please use InfoTagVideo.setUniqueIDs().
2026-05-14 08:14:01.862 T:48336 warning <general>: ListItem.setRating() is deprecated and might be removed in future Kodi versions. Please use InfoTagVideo.setRating().
2026-05-14 08:14:01.862 T:48336    info <general>: Skipped 1 duplicate messages..
2026-05-14 08:14:01.862 T:48336 warning <general>: Setting most video properties through ListItem.setInfo() is deprecated and might be removed in future Kodi versions. Please use the respective setter in InfoTagVideo.
2026-05-14 08:14:01.862 T:48336 warning <general>: ListItem.addStreamInfo() is deprecated and might be removed in future Kodi versions. Please use InfoTagVideo.addVideoStream(), InfoTagVideo.addAudioStream() and InfoTagVideo.addSubtitleStream().
2026-05-14 08:14:01.862 T:48336 warning <general>: ListItem.setCast() is deprecated and might be removed in future Kodi versions. Please use InfoTagVideo.setCast().
2026-05-14 08:14:01.862 T:48336 warning <general>: ListItem.setUniqueIDs() is deprecated and might be removed in future Kodi versions. Please use InfoTagVideo.setUniqueIDs().
2026-05-14 08:14:01.862 T:48336 warning <general>: ListItem.setRating() is deprecated and might be removed in future Kodi versions. Please use InfoTagVideo.setRating().
2026-05-14 08:14:01.862 T:48336    info <general>: Skipped 1 duplicate messages..
2026-05-14 08:14:01.862 T:48336 warning <general>: Setting most video properties through ListItem.setInfo() is deprecated and might be removed in future Kodi versions. Please use the respective setter in InfoTagVideo.
2026-05-14 08:14:01.862 T:48336 warning <general>: ListItem.addStreamInfo() is deprecated and might be removed in future Kodi versions. Please use InfoTagVideo.addVideoStream(), InfoTagVideo.addAudioStream() and InfoTagVideo.addSubtitleStream().
2026-05-14 08:14:01.862 T:48336 warning <general>: ListItem.setCast() is deprecated and might be removed in future Kodi versions. Please use InfoTagVideo.setCast().
2026-05-14 08:14:01.862 T:48336 warning <general>: ListItem.setUniqueIDs() is deprecated and might be removed in future Kodi versions. Please use InfoTagVideo.setUniqueIDs().
2026-05-14 08:14:01.862 T:48336 warning <general>: ListItem.setRating() is deprecated and might be removed in future Kodi versions. Please use InfoTagVideo.setRating().
2026-05-14 08:14:01.862 T:48336    info <general>: Skipped 1 duplicate messages..
2026-05-14 08:14:01.862 T:48336 warning <general>: Setting most video properties through ListItem.setInfo() is deprecated and might be removed in future Kodi versions. Please use the respective setter in InfoTagVideo.
2026-05-14 08:14:01.862 T:48336 warning <general>: ListItem.addStreamInfo() is deprecated and might be removed in future Kodi versions. Please use InfoTagVideo.addVideoStream(), InfoTagVideo.addAudioStream() and InfoTagVideo.addSubtitleStream().
2026-05-14 08:14:01.862 T:48336 warning <general>: ListItem.setCast() is deprecated and might be removed in future Kodi versions. Please use InfoTagVideo.setCast().
2026-05-14 08:14:01.862 T:48336 warning <general>: ListItem.setUniqueIDs() is deprecated and might be removed in future Kodi versions. Please use InfoTagVideo.setUniqueIDs().
2026-05-14 08:14:01.862 T:48336 warning <general>: ListItem.setRating() is deprecated and might be removed in future Kodi versions. Please use InfoTagVideo.setRating().
2026-05-14 08:14:01.863 T:48336    info <general>: Skipped 1 duplicate messages..
2026-05-14 08:14:01.863 T:48336 warning <general>: Setting most video properties through ListItem.setInfo() is deprecated and might be removed in future Kodi versions. Please use the respective setter in InfoTagVideo.
2026-05-14 08:14:01.863 T:48336 warning <general>: ListItem.addStreamInfo() is deprecated and might be removed in future Kodi versions. Please use InfoTagVideo.addVideoStream(), InfoTagVideo.addAudioStream() and InfoTagVideo.addSubtitleStream().
2026-05-14 08:14:01.863 T:48336 warning <general>: ListItem.setCast() is deprecated and might be removed in future Kodi versions. Please use InfoTagVideo.setCast().
2026-05-14 08:14:01.863 T:48336 warning <general>: ListItem.setUniqueIDs() is deprecated and might be removed in future Kodi versions. Please use InfoTagVideo.setUniqueIDs().
2026-05-14 08:14:01.863 T:48336 warning <general>: ListItem.setRating() is deprecated and might be removed in future Kodi versions. Please use InfoTagVideo.setRating().
2026-05-14 08:14:01.863 T:48336    info <general>: Skipped 1 duplicate messages..
2026-05-14 08:14:01.863 T:48336 warning <general>: Setting most video properties through ListItem.setInfo() is deprecated and might be removed in future Kodi versions. Please use the respective setter in InfoTagVideo.
2026-05-14 08:14:01.863 T:48336 warning <general>: ListItem.addStreamInfo() is deprecated and might be removed in future Kodi versions. Please use InfoTagVideo.addVideoStream(), InfoTagVideo.addAudioStream() and InfoTagVideo.addSubtitleStream().
2026-05-14 08:14:01.863 T:48336 warning <general>: ListItem.setCast() is deprecated and might be removed in future Kodi versions. Please use InfoTagVideo.setCast().
2026-05-14 08:14:01.863 T:48336 warning <general>: ListItem.setUniqueIDs() is deprecated and might be removed in future Kodi versions. Please use InfoTagVideo.setUniqueIDs().
2026-05-14 08:14:01.863 T:48336 warning <general>: ListItem.setRating() is deprecated and might be removed in future Kodi versions. Please use InfoTagVideo.setRating().
2026-05-14 08:14:01.863 T:48336    info <general>: Skipped 1 duplicate messages..
2026-05-14 08:14:01.863 T:48336 warning <general>: Setting most video properties through ListItem.setInfo() is deprecated and might be removed in future Kodi versions. Please use the respective setter in InfoTagVideo.
2026-05-14 08:14:01.863 T:48336 warning <general>: ListItem.addStreamInfo() is deprecated and might be removed in future Kodi versions. Please use InfoTagVideo.addVideoStream(), InfoTagVideo.addAudioStream() and InfoTagVideo.addSubtitleStream().
2026-05-14 08:14:01.864 T:48336 warning <general>: ListItem.setCast() is deprecated and might be removed in future Kodi versions. Please use InfoTagVideo.setCast().
2026-05-14 08:14:01.864 T:48336 warning <general>: ListItem.setUniqueIDs() is deprecated and might be removed in future Kodi versions. Please use InfoTagVideo.setUniqueIDs().
2026-05-14 08:14:01.864 T:48336 warning <general>: ListItem.setRating() is deprecated and might be removed in future Kodi versions. Please use InfoTagVideo.setRating().
2026-05-14 08:14:01.864 T:48336    info <general>: Skipped 1 duplicate messages..
2026-05-14 08:14:01.864 T:48336 warning <general>: Setting most video properties through ListItem.setInfo() is deprecated and might be removed in future Kodi versions. Please use the respective setter in InfoTagVideo.
2026-05-14 08:14:01.864 T:48336 warning <general>: ListItem.addStreamInfo() is deprecated and might be removed in future Kodi versions. Please use InfoTagVideo.addVideoStream(), InfoTagVideo.addAudioStream() and InfoTagVideo.addSubtitleStream().
2026-05-14 08:14:01.864 T:48336 warning <general>: ListItem.setCast() is deprecated and might be removed in future Kodi versions. Please use InfoTagVideo.setCast().
2026-05-14 08:14:01.864 T:48336 warning <general>: ListItem.setUniqueIDs() is deprecated and might be removed in future Kodi versions. Please use InfoTagVideo.setUniqueIDs().
2026-05-14 08:14:01.864 T:48336 warning <general>: ListItem.setRating() is deprecated and might be removed in future Kodi versions. Please use InfoTagVideo.setRating().
2026-05-14 08:14:01.864 T:48336    info <general>: Skipped 1 duplicate messages..
2026-05-14 08:14:01.864 T:48336 warning <general>: Setting most video properties through ListItem.setInfo() is deprecated and might be removed in future Kodi versions. Please use the respective setter in InfoTagVideo.
2026-05-14 08:14:01.864 T:48336 warning <general>: ListItem.addStreamInfo() is deprecated and might be removed in future Kodi versions. Please use InfoTagVideo.addVideoStream(), InfoTagVideo.addAudioStream() and InfoTagVideo.addSubtitleStream().
2026-05-14 08:14:01.864 T:48336 warning <general>: ListItem.setCast() is deprecated and might be removed in future Kodi versions. Please use InfoTagVideo.setCast().
2026-05-14 08:14:01.864 T:48336 warning <general>: ListItem.setUniqueIDs() is deprecated and might be removed in future Kodi versions. Please use InfoTagVideo.setUniqueIDs().
2026-05-14 08:14:01.864 T:48336 warning <general>: ListItem.setRating() is deprecated and might be removed in future Kodi versions. Please use InfoTagVideo.setRating().
2026-05-14 08:14:01.864 T:48336    info <general>: Skipped 1 duplicate messages..
2026-05-14 08:14:01.864 T:48336 warning <general>: Setting most video properties through ListItem.setInfo() is deprecated and might be removed in future Kodi versions. Please use the respective setter in InfoTagVideo.
2026-05-14 08:14:01.865 T:48336 warning <general>: ListItem.addStreamInfo() is deprecated and might be removed in future Kodi versions. Please use InfoTagVideo.addVideoStream(), InfoTagVideo.addAudioStream() and InfoTagVideo.addSubtitleStream().
2026-05-14 08:14:01.865 T:48336 warning <general>: ListItem.setCast() is deprecated and might be removed in future Kodi versions. Please use InfoTagVideo.setCast().
2026-05-14 08:14:01.865 T:48336 warning <general>: ListItem.setUniqueIDs() is deprecated and might be removed in future Kodi versions. Please use InfoTagVideo.setUniqueIDs().
2026-05-14 08:14:01.865 T:48336 warning <general>: ListItem.setRating() is deprecated and might be removed in future Kodi versions. Please use InfoTagVideo.setRating().
2026-05-14 08:14:01.865 T:48336    info <general>: Skipped 1 duplicate messages..
2026-05-14 08:14:01.865 T:48336 warning <general>: Setting most video properties through ListItem.setInfo() is deprecated and might be removed in future Kodi versions. Please use the respective setter in InfoTagVideo.
2026-05-14 08:14:01.865 T:48336 warning <general>: ListItem.addStreamInfo() is deprecated and might be removed in future Kodi versions. Please use InfoTagVideo.addVideoStream(), InfoTagVideo.addAudioStream() and InfoTagVideo.addSubtitleStream().
2026-05-14 08:14:01.866 T:48336 warning <general>: ListItem.setCast() is deprecated and might be removed in future Kodi versions. Please use InfoTagVideo.setCast().
2026-05-14 08:14:01.866 T:48336 warning <general>: ListItem.setUniqueIDs() is deprecated and might be removed in future Kodi versions. Please use InfoTagVideo.setUniqueIDs().
2026-05-14 08:14:01.866 T:48336 warning <general>: ListItem.setRating() is deprecated and might be removed in future Kodi versions. Please use InfoTagVideo.setRating().
2026-05-14 08:14:01.866 T:48336    info <general>: Skipped 1 duplicate messages..
2026-05-14 08:14:01.866 T:48336 warning <general>: Setting most video properties through ListItem.setInfo() is deprecated and might be removed in future Kodi versions. Please use the respective setter in InfoTagVideo.
2026-05-14 08:14:01.866 T:48336 warning <general>: ListItem.addStreamInfo() is deprecated and might be removed in future Kodi versions. Please use InfoTagVideo.addVideoStream(), InfoTagVideo.addAudioStream() and InfoTagVideo.addSubtitleStream().
2026-05-14 08:14:01.866 T:48336 warning <general>: ListItem.setCast() is deprecated and might be removed in future Kodi versions. Please use InfoTagVideo.setCast().
2026-05-14 08:14:01.866 T:48336 warning <general>: ListItem.setUniqueIDs() is deprecated and might be removed in future Kodi versions. Please use InfoTagVideo.setUniqueIDs().
2026-05-14 08:14:01.866 T:48336 warning <general>: ListItem.setRating() is deprecated and might be removed in future Kodi versions. Please use InfoTagVideo.setRating().
2026-05-14 08:14:01.866 T:48336    info <general>: Skipped 1 duplicate messages..
2026-05-14 08:14:01.866 T:48336 warning <general>: Setting most video properties through ListItem.setInfo() is deprecated and might be removed in future Kodi versions. Please use the respective setter in InfoTagVideo.
2026-05-14 08:14:01.866 T:48336 warning <general>: ListItem.addStreamInfo() is deprecated and might be removed in future Kodi versions. Please use InfoTagVideo.addVideoStream(), InfoTagVideo.addAudioStream() and InfoTagVideo.addSubtitleStream().
2026-05-14 08:14:01.866 T:48336 warning <general>: ListItem.setCast() is deprecated and might be removed in future Kodi versions. Please use InfoTagVideo.setCast().
2026-05-14 08:14:01.866 T:48336 warning <general>: ListItem.setUniqueIDs() is deprecated and might be removed in future Kodi versions. Please use InfoTagVideo.setUniqueIDs().
2026-05-14 08:14:01.866 T:48336 warning <general>: ListItem.setRating() is deprecated and might be removed in future Kodi versions. Please use InfoTagVideo.setRating().
2026-05-14 08:14:01.866 T:48336    info <general>: Skipped 1 duplicate messages..
2026-05-14 08:14:01.866 T:48336 warning <general>: Setting most video properties through ListItem.setInfo() is deprecated and might be removed in future Kodi versions. Please use the respective setter in InfoTagVideo.
2026-05-14 08:14:01.866 T:48336 warning <general>: ListItem.addStreamInfo() is deprecated and might be removed in future Kodi versions. Please use InfoTagVideo.addVideoStream(), InfoTagVideo.addAudioStream() and InfoTagVideo.addSubtitleStream().
2026-05-14 08:14:01.866 T:48336 warning <general>: ListItem.setCast() is deprecated and might be removed in future Kodi versions. Please use InfoTagVideo.setCast().
2026-05-14 08:14:01.866 T:48336 warning <general>: ListItem.setUniqueIDs() is deprecated and might be removed in future Kodi versions. Please use InfoTagVideo.setUniqueIDs().
2026-05-14 08:14:01.866 T:48336 warning <general>: ListItem.setRating() is deprecated and might be removed in future Kodi versions. Please use InfoTagVideo.setRating().
2026-05-14 08:14:01.867 T:48336    info <general>: Skipped 1 duplicate messages..
2026-05-14 08:14:01.867 T:48336 warning <general>: Setting most video properties through ListItem.setInfo() is deprecated and might be removed in future Kodi versions. Please use the respective setter in InfoTagVideo.
2026-05-14 08:14:01.867 T:48336 warning <general>: ListItem.addStreamInfo() is deprecated and might be removed in future Kodi versions. Please use InfoTagVideo.addVideoStream(), InfoTagVideo.addAudioStream() and InfoTagVideo.addSubtitleStream().
2026-05-14 08:14:01.867 T:48336 warning <general>: ListItem.setCast() is deprecated and might be removed in future Kodi versions. Please use InfoTagVideo.setCast().
2026-05-14 08:14:01.867 T:48336 warning <general>: ListItem.setUniqueIDs() is deprecated and might be removed in future Kodi versions. Please use InfoTagVideo.setUniqueIDs().
2026-05-14 08:14:01.867 T:48336 warning <general>: ListItem.setRating() is deprecated and might be removed in future Kodi versions. Please use InfoTagVideo.setRating().
2026-05-14 08:14:01.867 T:48336    info <general>: Skipped 1 duplicate messages..
2026-05-14 08:14:01.867 T:48336 warning <general>: Setting most video properties through ListItem.setInfo() is deprecated and might be removed in future Kodi versions. Please use the respective setter in InfoTagVideo.
2026-05-14 08:14:01.867 T:48336 warning <general>: ListItem.addStreamInfo() is deprecated and might be removed in future Kodi versions. Please use InfoTagVideo.addVideoStream(), InfoTagVideo.addAudioStream() and InfoTagVideo.addSubtitleStream().
2026-05-14 08:14:01.867 T:48336 warning <general>: ListItem.setCast() is deprecated and might be removed in future Kodi versions. Please use InfoTagVideo.setCast().
2026-05-14 08:14:01.867 T:48336 warning <general>: ListItem.setUniqueIDs() is deprecated and might be removed in future Kodi versions. Please use InfoTagVideo.setUniqueIDs().
2026-05-14 08:14:01.867 T:48336 warning <general>: ListItem.setRating() is deprecated and might be removed in future Kodi versions. Please use InfoTagVideo.setRating().
2026-05-14 08:14:01.867 T:48336    info <general>: Skipped 1 duplicate messages..
2026-05-14 08:14:01.867 T:48336 warning <general>: Setting most video properties through ListItem.setInfo() is deprecated and might be removed in future Kodi versions. Please use the respective setter in InfoTagVideo.
2026-05-14 08:14:01.867 T:48336 warning <general>: ListItem.addStreamInfo() is deprecated and might be removed in future Kodi versions. Please use InfoTagVideo.addVideoStream(), InfoTagVideo.addAudioStream() and InfoTagVideo.addSubtitleStream().
2026-05-14 08:14:01.868 T:48336 warning <general>: ListItem.setCast() is deprecated and might be removed in future Kodi versions. Please use InfoTagVideo.setCast().
2026-05-14 08:14:01.868 T:48336 warning <general>: ListItem.setUniqueIDs() is deprecated and might be removed in future Kodi versions. Please use InfoTagVideo.setUniqueIDs().
2026-05-14 08:14:01.868 T:48336 warning <general>: ListItem.setRating() is deprecated and might be removed in future Kodi versions. Please use InfoTagVideo.setRating().
2026-05-14 08:14:01.868 T:48336    info <general>: Skipped 1 duplicate messages..
2026-05-14 08:14:01.868 T:48336 warning <general>: Setting most video properties through ListItem.setInfo() is deprecated and might be removed in future Kodi versions. Please use the respective setter in InfoTagVideo.
2026-05-14 08:14:01.868 T:48336 warning <general>: ListItem.addStreamInfo() is deprecated and might be removed in future Kodi versions. Please use InfoTagVideo.addVideoStream(), InfoTagVideo.addAudioStream() and InfoTagVideo.addSubtitleStream().
2026-05-14 08:14:01.868 T:48336 warning <general>: ListItem.setCast() is deprecated and might be removed in future Kodi versions. Please use InfoTagVideo.setCast().
2026-05-14 08:14:01.868 T:48336 warning <general>: ListItem.setUniqueIDs() is deprecated and might be removed in future Kodi versions. Please use InfoTagVideo.setUniqueIDs().
2026-05-14 08:14:01.868 T:48336 warning <general>: ListItem.setRating() is deprecated and might be removed in future Kodi versions. Please use InfoTagVideo.setRating().
2026-05-14 08:14:01.868 T:48336    info <general>: Skipped 1 duplicate messages..
2026-05-14 08:14:01.868 T:48336 warning <general>: Setting most video properties through ListItem.setInfo() is deprecated and might be removed in future Kodi versions. Please use the respective setter in InfoTagVideo.
2026-05-14 08:14:01.868 T:48336 warning <general>: ListItem.addStreamInfo() is deprecated and might be removed in future Kodi versions. Please use InfoTagVideo.addVideoStream(), InfoTagVideo.addAudioStream() and InfoTagVideo.addSubtitleStream().
2026-05-14 08:14:01.868 T:48336 warning <general>: ListItem.setCast() is deprecated and might be removed in future Kodi versions. Please use InfoTagVideo.setCast().
2026-05-14 08:14:01.868 T:48336 warning <general>: ListItem.setUniqueIDs() is deprecated and might be removed in future Kodi versions. Please use InfoTagVideo.setUniqueIDs().
2026-05-14 08:14:01.868 T:48336 warning <general>: ListItem.setRating() is deprecated and might be removed in future Kodi versions. Please use InfoTagVideo.setRating().
2026-05-14 08:14:01.869 T:48336    info <general>: Skipped 1 duplicate messages..
2026-05-14 08:14:01.869 T:48336 warning <general>: Setting most video properties through ListItem.setInfo() is deprecated and might be removed in future Kodi versions. Please use the respective setter in InfoTagVideo.
2026-05-14 08:14:01.869 T:48336 warning <general>: ListItem.addStreamInfo() is deprecated and might be removed in future Kodi versions. Please use InfoTagVideo.addVideoStream(), InfoTagVideo.addAudioStream() and InfoTagVideo.addSubtitleStream().
2026-05-14 08:14:01.869 T:48336 warning <general>: ListItem.setCast() is deprecated and might be removed in future Kodi versions. Please use InfoTagVideo.setCast().
2026-05-14 08:14:01.869 T:48336 warning <general>: ListItem.setUniqueIDs() is deprecated and might be removed in future Kodi versions. Please use InfoTagVideo.setUniqueIDs().
2026-05-14 08:14:01.869 T:48336 warning <general>: ListItem.setRating() is deprecated and might be removed in future Kodi versions. Please use InfoTagVideo.setRating().
2026-05-14 08:14:01.869 T:48336    info <general>: Skipped 1 duplicate messages..
2026-05-14 08:14:01.869 T:48336 warning <general>: Setting most video properties through ListItem.setInfo() is deprecated and might be removed in future Kodi versions. Please use the respective setter in InfoTagVideo.
2026-05-14 08:14:01.869 T:48336 warning <general>: ListItem.addStreamInfo() is deprecated and might be removed in future Kodi versions. Please use InfoTagVideo.addVideoStream(), InfoTagVideo.addAudioStream() and InfoTagVideo.addSubtitleStream().
2026-05-14 08:14:01.869 T:48336 warning <general>: ListItem.setCast() is deprecated and might be removed in future Kodi versions. Please use InfoTagVideo.setCast().
2026-05-14 08:14:01.869 T:48336 warning <general>: ListItem.setUniqueIDs() is deprecated and might be removed in future Kodi versions. Please use InfoTagVideo.setUniqueIDs().
2026-05-14 08:14:01.869 T:48336 warning <general>: ListItem.setRating() is deprecated and might be removed in future Kodi versions. Please use InfoTagVideo.setRating().
2026-05-14 08:14:01.869 T:48336    info <general>: Skipped 1 duplicate messages..
2026-05-14 08:14:01.869 T:48336 warning <general>: Setting most video properties through ListItem.setInfo() is deprecated and might be removed in future Kodi versions. Please use the respective setter in InfoTagVideo.
2026-05-14 08:14:01.869 T:48336 warning <general>: ListItem.addStreamInfo() is deprecated and might be removed in future Kodi versions. Please use InfoTagVideo.addVideoStream(), InfoTagVideo.addAudioStream() and InfoTagVideo.addSubtitleStream().
2026-05-14 08:14:01.869 T:48336 warning <general>: ListItem.setCast() is deprecated and might be removed in future Kodi versions. Please use InfoTagVideo.setCast().
2026-05-14 08:14:01.869 T:48336 warning <general>: ListItem.setUniqueIDs() is deprecated and might be removed in future Kodi versions. Please use InfoTagVideo.setUniqueIDs().
2026-05-14 08:14:01.869 T:48336 warning <general>: ListItem.setRating() is deprecated and might be removed in future Kodi versions. Please use InfoTagVideo.setRating().
2026-05-14 08:14:01.869 T:48336    info <general>: Skipped 1 duplicate messages..
2026-05-14 08:14:01.869 T:48336 warning <general>: Setting most video properties through ListItem.setInfo() is deprecated and might be removed in future Kodi versions. Please use the respective setter in InfoTagVideo.
2026-05-14 08:14:01.870 T:48336 warning <general>: ListItem.addStreamInfo() is deprecated and might be removed in future Kodi versions. Please use InfoTagVideo.addVideoStream(), InfoTagVideo.addAudioStream() and InfoTagVideo.addSubtitleStream().
2026-05-14 08:14:01.870 T:48336 warning <general>: ListItem.setCast() is deprecated and might be removed in future Kodi versions. Please use InfoTagVideo.setCast().
2026-05-14 08:14:01.870 T:48336 warning <general>: ListItem.setUniqueIDs() is deprecated and might be removed in future Kodi versions. Please use InfoTagVideo.setUniqueIDs().
2026-05-14 08:14:01.870 T:48336 warning <general>: ListItem.setRating() is deprecated and might be removed in future Kodi versions. Please use InfoTagVideo.setRating().
2026-05-14 08:14:01.870 T:48336    info <general>: Skipped 1 duplicate messages..
2026-05-14 08:14:01.870 T:48336 warning <general>: Setting most video properties through ListItem.setInfo() is deprecated and might be removed in future Kodi versions. Please use the respective setter in InfoTagVideo.
2026-05-14 08:14:01.870 T:48336 warning <general>: ListItem.addStreamInfo() is deprecated and might be removed in future Kodi versions. Please use InfoTagVideo.addVideoStream(), InfoTagVideo.addAudioStream() and InfoTagVideo.addSubtitleStream().
2026-05-14 08:14:01.870 T:48336 warning <general>: ListItem.setCast() is deprecated and might be removed in future Kodi versions. Please use InfoTagVideo.setCast().
2026-05-14 08:14:01.870 T:48336 warning <general>: ListItem.setUniqueIDs() is deprecated and might be removed in future Kodi versions. Please use InfoTagVideo.setUniqueIDs().
2026-05-14 08:14:01.870 T:48336 warning <general>: ListItem.setRating() is deprecated and might be removed in future Kodi versions. Please use InfoTagVideo.setRating().
2026-05-14 08:14:01.870 T:48336    info <general>: Skipped 1 duplicate messages..
2026-05-14 08:14:01.870 T:48336 warning <general>: Setting most video properties through ListItem.setInfo() is deprecated and might be removed in future Kodi versions. Please use the respective setter in InfoTagVideo.
2026-05-14 08:14:01.871 T:48336 warning <general>: ListItem.addStreamInfo() is deprecated and might be removed in future Kodi versions. Please use InfoTagVideo.addVideoStream(), InfoTagVideo.addAudioStream() and InfoTagVideo.addSubtitleStream().
2026-05-14 08:14:01.871 T:48336 warning <general>: ListItem.setCast() is deprecated and might be removed in future Kodi versions. Please use InfoTagVideo.setCast().
2026-05-14 08:14:01.871 T:48336 warning <general>: ListItem.setUniqueIDs() is deprecated and might be removed in future Kodi versions. Please use InfoTagVideo.setUniqueIDs().
2026-05-14 08:14:01.871 T:48336 warning <general>: ListItem.setRating() is deprecated and might be removed in future Kodi versions. Please use InfoTagVideo.setRating().
2026-05-14 08:14:01.871 T:48336    info <general>: Skipped 1 duplicate messages..
2026-05-14 08:14:01.871 T:48336 warning <general>: Setting most video properties through ListItem.setInfo() is deprecated and might be removed in future Kodi versions. Please use the respective setter in InfoTagVideo.
2026-05-14 08:14:01.877 T:48336 warning <general>: ListItem.addStreamInfo() is deprecated and might be removed in future Kodi versions. Please use InfoTagVideo.addVideoStream(), InfoTagVideo.addAudioStream() and InfoTagVideo.addSubtitleStream().
2026-05-14 08:14:01.877 T:48336 warning <general>: ListItem.setCast() is deprecated and might be removed in future Kodi versions. Please use InfoTagVideo.setCast().
2026-05-14 08:14:01.877 T:48336 warning <general>: ListItem.setUniqueIDs() is deprecated and might be removed in future Kodi versions. Please use InfoTagVideo.setUniqueIDs().
2026-05-14 08:14:01.889 T:12320    info <general>: [TMDb Movies] Startup: Temp subtitles cleared.
2026-05-14 08:14:01.890 T:12320    info <general>: [TMDb Movies] TraktMonitor Service Update - Aborted. No Trakt Account Active. Next Update in 30 minutes...
2026-05-14 08:14:03.007 T:43620   error <general>: XFILE::CDirectory::GetDirectory - Error getting 
2026-05-14 08:14:03.557 T:14136 warning <general>: Repository add-on repository.Fido uses plain HTTP for add-on downloads in path http://fantazyrepo.uk/_repo/ - this is insecure and will make your Kodi installation vulnerable to attacks if enabled!
2026-05-14 08:14:03.558 T:14136 warning <general>: Repository add-on repository.djaythemes uses plain HTTP for add-on downloads in path http://djaythemes.xyz/_repo/ - this is insecure and will make your Kodi installation vulnerable to attacks if enabled!
2026-05-14 08:14:03.558 T:14136 warning <general>: Repository add-on repository.elementumorg uses plain HTTP for add-on downloads in path http://127.0.0.1:65223/ - this is insecure and will make your Kodi installation vulnerable to attacks if enabled!
2026-05-14 08:14:03.558 T:14136 warning <general>: Repository add-on repository.funstersplace uses plain HTTP for add-on downloads in path http://funstersplace.net/19repo/ - this is insecure and will make your Kodi installation vulnerable to attacks if enabled!
2026-05-14 08:14:03.558 T:14136 warning <general>: Repository add-on repository.gearheads2 uses plain HTTP for add-on downloads in path http://racingondemand.xyz/_repo/ - this is insecure and will make your Kodi installation vulnerable to attacks if enabled!
2026-05-14 08:14:03.558 T:14136 warning <general>: Repository add-on repository.grindhousekodi uses plain HTTP for add-on downloads in path http://grindhousekodi.us/grindhouse/repo/ - this is insecure and will make your Kodi installation vulnerable to attacks if enabled!
2026-05-14 08:14:03.558 T:14136 warning <general>: Repository add-on repository.twistednutz uses plain HTTP for add-on downloads in path http://twistednuts.co.uk/twisted/repo/ - this is insecure and will make your Kodi installation vulnerable to attacks if enabled!
2026-05-14 08:14:03.561 T:14136 warning <general>: Repository add-on repository.Fido uses plain HTTP for add-on downloads in path http://fantazyrepo.uk/_repo/ - this is insecure and will make your Kodi installation vulnerable to attacks if enabled!
2026-05-14 08:14:03.561 T:14136 warning <general>: Repository add-on repository.djaythemes uses plain HTTP for add-on downloads in path http://djaythemes.xyz/_repo/ - this is insecure and will make your Kodi installation vulnerable to attacks if enabled!
2026-05-14 08:14:03.561 T:14136 warning <general>: Repository add-on repository.elementumorg uses plain HTTP for add-on downloads in path http://127.0.0.1:65223/ - this is insecure and will make your Kodi installation vulnerable to attacks if enabled!
2026-05-14 08:14:03.561 T:14136 warning <general>: Repository add-on repository.funstersplace uses plain HTTP for add-on downloads in path http://funstersplace.net/19repo/ - this is insecure and will make your Kodi installation vulnerable to attacks if enabled!
2026-05-14 08:14:03.561 T:14136 warning <general>: Repository add-on repository.gearheads2 uses plain HTTP for add-on downloads in path http://racingondemand.xyz/_repo/ - this is insecure and will make your Kodi installation vulnerable to attacks if enabled!
2026-05-14 08:14:03.561 T:14136 warning <general>: Repository add-on repository.grindhousekodi uses plain HTTP for add-on downloads in path http://grindhousekodi.us/grindhouse/repo/ - this is insecure and will make your Kodi installation vulnerable to attacks if enabled!
2026-05-14 08:14:03.561 T:14136 warning <general>: Repository add-on repository.twistednutz uses plain HTTP for add-on downloads in path http://twistednuts.co.uk/twisted/repo/ - this is insecure and will make your Kodi installation vulnerable to attacks if enabled!
2026-05-14 08:14:03.562 T:14136 warning <general>: Repository add-on repository.Fido uses plain HTTP for add-on downloads in path http://fantazyrepo.uk/_repo/ - this is insecure and will make your Kodi installation vulnerable to attacks if enabled!
2026-05-14 08:14:03.562 T:14136 warning <general>: Repository add-on repository.djaythemes uses plain HTTP for add-on downloads in path http://djaythemes.xyz/_repo/ - this is insecure and will make your Kodi installation vulnerable to attacks if enabled!
2026-05-14 08:14:03.562 T:14136 warning <general>: Repository add-on repository.elementumorg uses plain HTTP for add-on downloads in path http://127.0.0.1:65223/ - this is insecure and will make your Kodi installation vulnerable to attacks if enabled!
2026-05-14 08:14:03.562 T:14136 warning <general>: Repository add-on repository.funstersplace uses plain HTTP for add-on downloads in path http://funstersplace.net/19repo/ - this is insecure and will make your Kodi installation vulnerable to attacks if enabled!
2026-05-14 08:14:03.562 T:14136 warning <general>: Repository add-on repository.gearheads2 uses plain HTTP for add-on downloads in path http://racingondemand.xyz/_repo/ - this is insecure and will make your Kodi installation vulnerable to attacks if enabled!
2026-05-14 08:14:03.562 T:14136 warning <general>: Repository add-on repository.grindhousekodi uses plain HTTP for add-on downloads in path http://grindhousekodi.us/grindhouse/repo/ - this is insecure and will make your Kodi installation vulnerable to attacks if enabled!
2026-05-14 08:14:03.562 T:14136 warning <general>: Repository add-on repository.twistednutz uses plain HTTP for add-on downloads in path http://twistednuts.co.uk/twisted/repo/ - this is insecure and will make your Kodi installation vulnerable to attacks if enabled!
2026-05-14 08:14:03.563 T:14136 warning <general>: Repository add-on repository.Fido uses plain HTTP for add-on downloads in path http://fantazyrepo.uk/_repo/ - this is insecure and will make your Kodi installation vulnerable to attacks if enabled!
2026-05-14 08:14:03.564 T:14136 warning <general>: Repository add-on repository.djaythemes uses plain HTTP for add-on downloads in path http://djaythemes.xyz/_repo/ - this is insecure and will make your Kodi installation vulnerable to attacks if enabled!
2026-05-14 08:14:03.564 T:14136 warning <general>: Repository add-on repository.elementumorg uses plain HTTP for add-on downloads in path http://127.0.0.1:65223/ - this is insecure and will make your Kodi installation vulnerable to attacks if enabled!
2026-05-14 08:14:03.564 T:14136 warning <general>: Repository add-on repository.funstersplace uses plain HTTP for add-on downloads in path http://funstersplace.net/19repo/ - this is insecure and will make your Kodi installation vulnerable to attacks if enabled!
2026-05-14 08:14:03.564 T:14136 warning <general>: Repository add-on repository.gearheads2 uses plain HTTP for add-on downloads in path http://racingondemand.xyz/_repo/ - this is insecure and will make your Kodi installation vulnerable to attacks if enabled!
2026-05-14 08:14:03.564 T:14136 warning <general>: Repository add-on repository.grindhousekodi uses plain HTTP for add-on downloads in path http://grindhousekodi.us/grindhouse/repo/ - this is insecure and will make your Kodi installation vulnerable to attacks if enabled!
2026-05-14 08:14:03.564 T:14136 warning <general>: Repository add-on repository.twistednutz uses plain HTTP for add-on downloads in path http://twistednuts.co.uk/twisted/repo/ - this is insecure and will make your Kodi installation vulnerable to attacks if enabled!
2026-05-14 08:14:03.564 T:14136 warning <general>: Repository add-on repository.Fido uses plain HTTP for add-on downloads in path http://fantazyrepo.uk/_repo/ - this is insecure and will make your Kodi installation vulnerable to attacks if enabled!
2026-05-14 08:14:03.564 T:14136 warning <general>: Repository add-on repository.djaythemes uses plain HTTP for add-on downloads in path http://djaythemes.xyz/_repo/ - this is insecure and will make your Kodi installation vulnerable to attacks if enabled!
2026-05-14 08:14:03.564 T:14136 warning <general>: Repository add-on repository.elementumorg uses plain HTTP for add-on downloads in path http://127.0.0.1:65223/ - this is insecure and will make your Kodi installation vulnerable to attacks if enabled!
2026-05-14 08:14:03.564 T:14136 warning <general>: Repository add-on repository.funstersplace uses plain HTTP for add-on downloads in path http://funstersplace.net/19repo/ - this is insecure and will make your Kodi installation vulnerable to attacks if enabled!
2026-05-14 08:14:03.564 T:14136 warning <general>: Repository add-on repository.gearheads2 uses plain HTTP for add-on downloads in path http://racingondemand.xyz/_repo/ - this is insecure and will make your Kodi installation vulnerable to attacks if enabled!
2026-05-14 08:14:03.564 T:14136 warning <general>: Repository add-on repository.grindhousekodi uses plain HTTP for add-on downloads in path http://grindhousekodi.us/grindhouse/repo/ - this is insecure and will make your Kodi installation vulnerable to attacks if enabled!
2026-05-14 08:14:03.565 T:14136 warning <general>: Repository add-on repository.twistednutz uses plain HTTP for add-on downloads in path http://twistednuts.co.uk/twisted/repo/ - this is insecure and will make your Kodi installation vulnerable to attacks if enabled!
2026-05-14 08:14:03.596 T:15072    info <general>: ###thread queue error###: 'results'
2026-05-14 08:14:06.273 T:46360    info <CSettingDependencyCondition>: Skipped 2 duplicate messages..
2026-05-14 08:14:06.273 T:46360 warning <CSettingDependencyCondition>: unable to check condition on unknown setting "provider.torrentio"
2026-05-14 08:14:06.639 T:27304    info <general>: Skipped 19 duplicate messages..
2026-05-14 08:14:06.639 T:27304    info <general>: Loading skin file: DialogNotification.xml, load type: LOAD_ON_GUI_INIT
2026-05-14 08:14:08.202 T:49884    info <general>: ###Fen Light###: UpdateCheck Service Finished
2026-05-14 08:14:08.272 T:30092    info <general>: [ plugin.video.thecrew ] service - checking Free providers started
2026-05-14 08:14:08.277 T:30092    info <general>: [ plugin.video.thecrew ] service - checking Debrid providers started
2026-05-14 08:14:08.280 T:30092    info <general>: [ plugin.video.thecrew ] service - checking Torrent providers started
2026-05-14 08:14:08.284 T:30092 warning <general>: [script.module.thecrew][CrewMonitor] Service Starting
2026-05-14 08:14:08.285 T:49144 warning <general>: [script.module.thecrew][TraktMonitor] Service Starting
2026-05-14 08:14:08.604 T:30092    info <general>: [script.module.thecrew][CrewMonitor] Global crewPlayer instance created and registered
2026-05-14 08:14:08.604 T:30092    info <general>: CPythonInvoker(13, C:\Users\Sobee\AppData\Roaming\Kodi\addons\plugin.video.thecrew\service.py): waiting on thread 46588
2026-05-14 08:14:09.364 T:51320    info <general>: SEREN (-1): Seren, Running Path - {'action': 'syncTraktActivities'}
2026-05-14 08:14:09.396 T:51320 warning <general>: SEREN (-1): TraktSync: No Trakt auth present, no sync will occur
2026-05-14 08:14:11.133 T:48324    info <general>: Logging Failure: name 'unicode' is not defined
2026-05-14 08:14:11.139 T:48324    info <general>: Skipped 2 duplicate messages..
2026-05-14 08:14:11.139 T:48324 warning <general>: Setting most video properties through ListItem.setInfo() is deprecated and might be removed in future Kodi versions. Please use the respective setter in InfoTagVideo.
2026-05-14 08:14:11.945 T:27304    info <general>: Skipped 3 duplicate messages..
2026-05-14 08:14:11.945 T:27304    info <general>: Loading skin file: DialogBusy.xml, load type: LOAD_ON_GUI_INIT
2026-05-14 08:14:12.651 T:50860    info <general>: [plugin.video.themoviedb.helper]
                                                   play_player - attempting to play
                                                   {'handle': 23, 'info': 'play', 'tmdb_id': '1265609', 'tmdb_type': 'movie'}
2026-05-14 08:14:12.657 T:27304    info <general>: Loading skin file: DialogBusy.xml, load type: LOAD_ON_GUI_INIT
2026-05-14 08:14:12.658 T:27304    info <general>: Loading skin file: DialogExtendedProgressBar.xml, load type: LOAD_ON_GUI_INIT
2026-05-14 08:14:12.659 T:50860    info <general>: [plugin.video.themoviedb.helper]
                                                   TMDbHelper - 00 Constructing players...
2026-05-14 08:14:12.659 T:50860    info <general>: [plugin.video.themoviedb.helper]
                                                   TMDbHelper - 25 Retrieving player files...
2026-05-14 08:14:12.671 T:50860   error <general>: XFILE::CDirectory::GetDirectory - Error getting C:\Users\Sobee\AppData\Roaming\Kodi\userdata\addon_data\plugin.video.themoviedb.helper\reconfigured_players\
2026-05-14 08:14:12.671 T:50860   error <general>: XFILE::CDirectory::GetDirectory - Error getting special://profile/addon_data/plugin.video.themoviedb.helper/reconfigured_players/
2026-05-14 08:14:12.726 T:50860    info <general>: [plugin.video.themoviedb.helper]
                                                   TMDbHelper - 50 Retrieving item details...
2026-05-14 08:14:12.730 T:51976 warning <general>: ListItem.setInfo: unknown "type" parameter value: 
2026-05-14 08:14:14.962 T:50860    info <general>: Skipped 6 duplicate messages..
2026-05-14 08:14:14.962 T:50860    info <general>: [plugin.video.themoviedb.helper]
                                                   TMDbHelper - 75 Retrieving library...
2026-05-14 08:14:14.962 T:50860    info <general>: [plugin.video.themoviedb.helper]
                                                   TMDbHelper - 100 Building players dialog...
2026-05-14 08:14:15.059 T:50860    info <general>: [plugin.video.themoviedb.helper]
                                                   TMDbHelper - Done!
2026-05-14 08:14:15.067 T:48184    info <general>: SEREN (27): Seren, Running Path - {}
2026-05-14 08:14:15.068 T:48184 warning <general>: ListItem.addStreamInfo() is deprecated and might be removed in future Kodi versions. Please use InfoTagVideo.addVideoStream(), InfoTagVideo.addAudioStream() and InfoTagVideo.addSubtitleStream().
2026-05-14 08:14:15.068 T:48184 warning <general>: ListItem.setCast() is deprecated and might be removed in future Kodi versions. Please use InfoTagVideo.setCast().
2026-05-14 08:14:15.068 T:48184 warning <general>: ListItem.setUniqueIDs() is deprecated and might be removed in future Kodi versions. Please use InfoTagVideo.setUniqueIDs().
2026-05-14 08:14:15.068 T:48184 warning <general>: Setting most video properties through ListItem.setInfo() is deprecated and might be removed in future Kodi versions. Please use the respective setter in InfoTagVideo.
2026-05-14 08:14:15.068 T:48184 warning <general>: ListItem.addStreamInfo() is deprecated and might be removed in future Kodi versions. Please use InfoTagVideo.addVideoStream(), InfoTagVideo.addAudioStream() and InfoTagVideo.addSubtitleStream().
2026-05-14 08:14:15.068 T:48184 warning <general>: ListItem.setCast() is deprecated and might be removed in future Kodi versions. Please use InfoTagVideo.setCast().
2026-05-14 08:14:15.068 T:48184 warning <general>: ListItem.setUniqueIDs() is deprecated and might be removed in future Kodi versions. Please use InfoTagVideo.setUniqueIDs().
2026-05-14 08:14:15.068 T:48184 warning <general>: Setting most video properties through ListItem.setInfo() is deprecated and might be removed in future Kodi versions. Please use the respective setter in InfoTagVideo.
2026-05-14 08:14:15.068 T:48184 warning <general>: ListItem.addStreamInfo() is deprecated and might be removed in future Kodi versions. Please use InfoTagVideo.addVideoStream(), InfoTagVideo.addAudioStream() and InfoTagVideo.addSubtitleStream().
2026-05-14 08:14:15.068 T:48184 warning <general>: ListItem.setCast() is deprecated and might be removed in future Kodi versions. Please use InfoTagVideo.setCast().
2026-05-14 08:14:15.068 T:48184 warning <general>: ListItem.setUniqueIDs() is deprecated and might be removed in future Kodi versions. Please use InfoTagVideo.setUniqueIDs().
2026-05-14 08:14:15.068 T:48184 warning <general>: Setting most video properties through ListItem.setInfo() is deprecated and might be removed in future Kodi versions. Please use the respective setter in InfoTagVideo.
2026-05-14 08:14:15.068 T:48184 warning <general>: ListItem.addStreamInfo() is deprecated and might be removed in future Kodi versions. Please use InfoTagVideo.addVideoStream(), InfoTagVideo.addAudioStream() and InfoTagVideo.addSubtitleStream().
2026-05-14 08:14:15.068 T:48184 warning <general>: ListItem.setCast() is deprecated and might be removed in future Kodi versions. Please use InfoTagVideo.setCast().
2026-05-14 08:14:15.068 T:48184 warning <general>: ListItem.setUniqueIDs() is deprecated and might be removed in future Kodi versions. Please use InfoTagVideo.setUniqueIDs().
2026-05-14 08:14:15.068 T:48184 warning <general>: Setting most video properties through ListItem.setInfo() is deprecated and might be removed in future Kodi versions. Please use the respective setter in InfoTagVideo.
2026-05-14 08:14:15.076 T:27304    info <general>: Loading skin file: DialogSelect.xml, load type: KEEP_IN_MEMORY
2026-05-14 08:14:21.170 T:51484    info <general>: CPythonInvoker(81, C:\Users\Sobee\AppData\Roaming\Kodi\addons\plugin.video.themoviedb.helper\resources\plugin.py): waiting on thread 39636
2026-05-14 08:14:21.723 T:51764   error <general>: XFILE::CDirectory::GetDirectory - Error getting plugin://plugin.video.themoviedb.helper/?info=trakt_favorites&tmdb_type=both&list_name=Combined+Favourites&tmdb_id=None&reload=%24INFO%5BWindow%28Home%29.Property%28TMDbHelper.Widgets.Reload%29%5D&widget=true
2026-05-14 08:14:23.656 T:50860    info <general>: [plugin.video.themoviedb.helper]
                                                   lib.player - Play with Fen Light Source Select: Resolving...
                                                   fenlight.select.fixed.json play_movie
                                                   plugin://plugin.video.fenlight/?mode=playback.media&media_type=movie&tmdb_id=1265609&autoplay=false
2026-05-14 08:14:23.660 T:50860    info <general>: [plugin.video.themoviedb.helper]
                                                   lib.player - skipped dummy have resolvable file
                                                   dummy.mp4
2026-05-14 08:14:23.660 T:50860    info <general>: [plugin.video.themoviedb.helper]
                                                   lib.player - Playlist: Disabled
2026-05-14 08:14:23.660 T:50860    info <general>: [plugin.video.themoviedb.helper]
                                                   lib.player - resolving path to url
                                                   plugin://plugin.video.fenlight/?mode=playback.media&media_type=movie&tmdb_id=1265609&autoplay=false
                                                   Playlist False
2026-05-14 08:14:23.661 T:50860    info <general>: [plugin.video.themoviedb.helper]
                                                   lib.player - playerstring:
                                                   {"tmdb_type": "movie", "tmdb_id": "1265609", "imdb_id": "tt15940132"}
2026-05-14 08:14:23.661 T:50860    info <general>: [plugin.video.themoviedb.helper]
                                                   lib.player - Success!
2026-05-14 08:14:24.117 T:51600    info <general>: SEREN (-1): Seren, Running Path - {'action': 'cleanOrphanedMetadata'}
2026-05-14 08:14:24.673 T:27304    info <general>: Loading skin file: C:\Users\Sobee\AppData\Roaming\Kodi\addons\plugin.video.fenlight\resources\skins\Default\1080i\sources_playback.xml, load type: LOAD_ON_GUI_INIT
2026-05-14 08:14:26.323 T:27304    info <general>: Loading skin file: C:\Users\Sobee\AppData\Roaming\Kodi\addons\plugin.video.fenlight\resources\skins\Default\1080i\sources_results.xml, load type: LOAD_ON_GUI_INIT
2026-05-14 08:14:26.326 T:27304   error <general>: Control 2000 in window 13004 has been asked to focus, but it can't
2026-05-14 08:14:27.446 T:14400    info <general>: AM Lite: Trakt token synced to add-ons
2026-05-14 08:14:27.450 T:14400    info <general>: AM Lite: Trakt startup state set to READY
2026-05-14 08:14:27.591 T:14400 warning <CSettingDependencyCondition>: unable to check condition on unknown setting "provider.torrentio"
2026-05-14 08:14:27.638 T:21452    info <general>: Skipped 19 duplicate messages..
2026-05-14 08:14:27.638 T:21452    info <general>: [ plugin.video.umbrella ]  Settings Monitor is off.
2026-05-14 08:14:27.644 T:14400    info <general>: Skipped 6 duplicate messages..
2026-05-14 08:14:27.644 T:14400   error <general>: EXCEPTION: Unknown addon id 'plugin.video.coalition'.
2026-05-14 08:14:27.644 T:14400   error <general>: [ AM Lite ERROR ] Coalition Premiumize Failed: Unknown addon id 'plugin.video.coalition'. -> RuntimeError -> Unknown addon id 'plugin.video.coalition'.
2026-05-14 08:14:27.646 T:14400   error <general>: [COLOR red][ AM Lite ERROR ][/COLOR]: From func name: C:\Users\Sobee\AppData\Roaming\Kodi\addons\script.module.acctmgr\lib\acctmgr\modules\sync\debrid_pm.py.premiumize_auth() Line # :138
                                                                          msg : Coalition Premiumize Failed: Unknown addon id 'plugin.video.coalition'. -> RuntimeError -> Unknown addon id 'plugin.video.coalition'.
2026-05-14 08:14:27.653 T:14400 warning <CSettingDependencyCondition>: unable to check condition on unknown setting "provider.torrentio"
2026-05-14 08:14:29.240 T:27304    info <general>: Skipped 19 duplicate messages..
2026-05-14 08:14:29.240 T:27304 warning <general>: Repository add-on repository.Fido uses plain HTTP for add-on downloads in path http://fantazyrepo.uk/_repo/ - this is insecure and will make your Kodi installation vulnerable to attacks if enabled!
2026-05-14 08:14:29.240 T:27304 warning <general>: Repository add-on repository.djaythemes uses plain HTTP for add-on downloads in path http://djaythemes.xyz/_repo/ - this is insecure and will make your Kodi installation vulnerable to attacks if enabled!
2026-05-14 08:14:29.240 T:27304 warning <general>: Repository add-on repository.elementumorg uses plain HTTP for add-on downloads in path http://127.0.0.1:65223/ - this is insecure and will make your Kodi installation vulnerable to attacks if enabled!
2026-05-14 08:14:29.240 T:27304 warning <general>: Repository add-on repository.funstersplace uses plain HTTP for add-on downloads in path http://funstersplace.net/19repo/ - this is insecure and will make your Kodi installation vulnerable to attacks if enabled!
2026-05-14 08:14:29.240 T:27304 warning <general>: Repository add-on repository.gearheads2 uses plain HTTP for add-on downloads in path http://racingondemand.xyz/_repo/ - this is insecure and will make your Kodi installation vulnerable to attacks if enabled!
2026-05-14 08:14:29.240 T:27304 warning <general>: Repository add-on repository.grindhousekodi uses plain HTTP for add-on downloads in path http://grindhousekodi.us/grindhouse/repo/ - this is insecure and will make your Kodi installation vulnerable to attacks if enabled!
2026-05-14 08:14:29.240 T:27304 warning <general>: Repository add-on repository.twistednutz uses plain HTTP for add-on downloads in path http://twistednuts.co.uk/twisted/repo/ - this is insecure and will make your Kodi installation vulnerable to attacks if enabled!
2026-05-14 08:14:30.241 T:51764   error <general>: Repository add-on repository.diggz22 does not have any directory matching 21.3.0 and won't be able to update/serve addons! Please fix the addon.xml definition
2026-05-14 08:14:31.090 T:51764   error <general>: CAddonMgr::AddonsFromRepoXML: Failed to parse addons.xml
2026-05-14 08:14:32.390 T:20156 warning <general>: Repository add-on repository.elementumorg uses plain HTTP for add-on downloads in path http://127.0.0.1:65223/ - this is insecure and will make your Kodi installation vulnerable to attacks if enabled!
2026-05-14 08:14:32.940 T:20156    info <general>: Skipped 5 duplicate messages..
2026-05-14 08:14:32.940 T:20156   error <general>: Repository add-on repository.skins.pkscout does not have any directory matching 21.3.0 and won't be able to update/serve addons! Please fix the addon.xml definition
2026-05-14 08:14:34.977 T:20156   error <general>: CCurlFile::XFILE::CCurlFile::Open - <https://mylostsoulspace.co.uk/repofiles/addons.xml.md5> Failed with code 404:
                                                   
2026-05-14 08:14:34.977 T:20156   error <general>: CRepository: failed read 'https://mylostsoulspace.co.uk/repofiles/addons.xml.md5'
2026-05-14 08:14:38.106 T:27304    info <general>: Loading controller layout: C:\Program Files\Kodi\addons\game.controller.keyboard\resources\layout.xml
2026-05-14 08:14:38.676 T:49712    info <general>: SEREN (-1): Seren, Running Path - {'action': 'updateLocalTimezone'}
2026-05-14 08:15:00.416 T:51704   error <general>: CCurlFile::CReadState::XFILE::CCurlFile::CReadState::FillBuffer - (0x17a0622b9c0) Failed: Timeout was reached(28)
2026-05-14 08:15:00.416 T:51704   error <general>: CCurlFile::XFILE::CCurlFile::Open - <http://127.0.0.1:65223/addons.xml.md5> Failed with code 0:
                                                   
2026-05-14 08:15:00.416 T:51704   error <general>: CRepository: failed read 'http://127.0.0.1:65223/addons.xml.md5'
2026-05-14 08:15:00.433 T:51704 warning <general>: Repository add-on repository.cralin uses plain HTTP for add-on downloads in path http://188.245.162.204/kodi/addons/repository.cralin/.packages - this is insecure and will make your Kodi installation vulnerable to attacks if enabled!
2026-05-14 08:15:00.433 T:51704 warning <general>: Repository add-on repository.cralin uses plain HTTP for add-on downloads in path http://188.245.162.204/kodi/addons/subtitles.subsroteam/.packages - this is insecure and will make your Kodi installation vulnerable to attacks if enabled!
2026-05-14 08:15:00.433 T:51704 warning <general>: Repository add-on repository.cralin uses plain HTTP for add-on downloads in path http://188.245.162.204/kodi/addons/TVOnline.ro/Kodi_21/.packages - this is insecure and will make your Kodi installation vulnerable to attacks if enabled!
2026-05-14 08:15:00.436 T:51704 warning <general>: Repository add-on repository.Fido uses plain HTTP for add-on downloads in path http://fantazyrepo.uk/_repo/ - this is insecure and will make your Kodi installation vulnerable to attacks if enabled!
2026-05-14 08:15:00.436 T:51704   error <general>: Repository add-on repository.jenrepo uses old schema definition for the repository extension point! This is no longer supported, please update your addon to use <dir> definitions.
2026-05-14 08:15:00.436 T:51704   error <general>: Repository add-on repository.universalscrapers uses old schema definition for the repository extension point! This is no longer supported, please update your addon to use <dir> definitions.
2026-05-14 08:15:00.436 T:51704   error <general>: Repository add-on repository.universalscrapers does not have any directory matching 21.3.0 and won't be able to update/serve addons! Please fix the addon.xml definition
2026-05-14 08:15:00.439 T:51704   error <general>: Repository add-on repository.jenrepo uses old schema definition for the repository extension point! This is no longer supported, please update your addon to use <dir> definitions.
2026-05-14 08:15:00.439 T:51704   error <general>: Repository add-on repository.universalscrapers uses old schema definition for the repository extension point! This is no longer supported, please update your addon to use <dir> definitions.
2026-05-14 08:15:00.439 T:51704   error <general>: Repository add-on repository.universalscrapers does not have any directory matching 21.3.0 and won't be able to update/serve addons! Please fix the addon.xml definition
2026-05-14 08:15:00.440 T:51704 warning <general>: Repository add-on repository.github uses plain HTTP for add-on downloads in path http://127.0.0.1:61234/ - this is insecure and will make your Kodi installation vulnerable to attacks if enabled!
2026-05-14 08:15:00.441 T:51704 warning <general>: Repository add-on repository.elementumorg uses plain HTTP for add-on downloads in path http://127.0.0.1:65223/ - this is insecure and will make your Kodi installation vulnerable to attacks if enabled!
2026-05-14 08:15:00.444 T:51704   error <general>: Repository add-on repository.magicoGR uses old schema definition for the repository extension point! This is no longer supported, please update your addon to use <dir> definitions.
2026-05-14 08:15:00.444 T:51704 warning <general>: Repository add-on repository.magicoGR uses plain HTTP for add-on downloads in path http://romanvm.github.io/kodi_repo/repo - this is insecure and will make your Kodi installation vulnerable to attacks if enabled!
2026-05-14 08:15:00.444 T:51704   error <general>: Repository add-on repository.twilight0 uses old schema definition for the repository extension point! This is no longer supported, please update your addon to use <dir> definitions.
2026-05-14 08:15:00.444 T:51704   error <general>: Repository add-on repository.universalscrapers uses old schema definition for the repository extension point! This is no longer supported, please update your addon to use <dir> definitions.
2026-05-14 08:15:00.444 T:51704   error <general>: Repository add-on repository.universalscrapers does not have any directory matching 21.3.0 and won't be able to update/serve addons! Please fix the addon.xml definition
2026-05-14 08:15:00.445 T:51704 warning <general>: Repository add-on repository.funstersplace uses plain HTTP for add-on downloads in path http://funstersplace.net/19repo/ - this is insecure and will make your Kodi installation vulnerable to attacks if enabled!
2026-05-14 08:15:00.445 T:51704   error <general>: Repository add-on repository.jenrepo uses old schema definition for the repository extension point! This is no longer supported, please update your addon to use <dir> definitions.
2026-05-14 08:15:00.445 T:51704   error <general>: Repository add-on repository.universalscrapers uses old schema definition for the repository extension point! This is no longer supported, please update your addon to use <dir> definitions.
2026-05-14 08:15:00.445 T:51704   error <general>: Repository add-on repository.universalscrapers does not have any directory matching 21.3.0 and won't be able to update/serve addons! Please fix the addon.xml definition
2026-05-14 08:15:00.447 T:51704 warning <general>: Repository add-on repository.elementumorg uses plain HTTP for add-on downloads in path http://127.0.0.1:65223/ - this is insecure and will make your Kodi installation vulnerable to attacks if enabled!
2026-05-14 08:15:00.447 T:51704   error <general>: Repository add-on repository.skins.pkscout does not have any directory matching 21.3.0 and won't be able to update/serve addons! Please fix the addon.xml definition
2026-05-14 08:15:00.451 T:51704   error <general>: Repository add-on repository.diggz22 does not have any directory matching 21.3.0 and won't be able to update/serve addons! Please fix the addon.xml definition
2026-05-14 08:15:00.453 T:51704 warning <general>: Repository add-on repository.NarcacistWizard uses plain HTTP for add-on downloads in path http://narcacist.com/_repo/ - this is insecure and will make your Kodi installation vulnerable to attacks if enabled!
2026-05-14 08:15:00.453 T:51704 warning <general>: Repository add-on repository.djaythemes uses plain HTTP for add-on downloads in path http://djaythemes.xyz/_repo/ - this is insecure and will make your Kodi installation vulnerable to attacks if enabled!
2026-05-14 08:15:00.453 T:51704   error <general>: Repository add-on repository.gujal uses old schema definition for the repository extension point! This is no longer supported, please update your addon to use <dir> definitions.
2026-05-14 08:15:00.453 T:51704   error <general>: Repository add-on repository.jenrepo uses old schema definition for the repository extension point! This is no longer supported, please update your addon to use <dir> definitions.
2026-05-14 08:15:00.456 T:51704 warning <general>: Repository add-on repository.funstersplace uses plain HTTP for add-on downloads in path http://funstersplace.net/19repo/ - this is insecure and will make your Kodi installation vulnerable to attacks if enabled!
2026-05-14 08:15:00.457 T:51704 warning <general>: Repository add-on repository.grindhousekodi uses plain HTTP for add-on downloads in path http://grindhousekodi.us/grindhouse/repo/ - this is insecure and will make your Kodi installation vulnerable to attacks if enabled!
2026-05-14 08:15:00.457 T:51704   error <general>: Repository add-on repository.universalscrapers uses old schema definition for the repository extension point! This is no longer supported, please update your addon to use <dir> definitions.
2026-05-14 08:15:00.457 T:51704   error <general>: Repository add-on repository.universalscrapers does not have any directory matching 21.3.0 and won't be able to update/serve addons! Please fix the addon.xml definition
2026-05-14 08:15:00.473 T:51704 warning <general>: Repository add-on repository.Fido uses plain HTTP for add-on downloads in path http://fantazyrepo.uk/_repo/ - this is insecure and will make your Kodi installation vulnerable to attacks if enabled!
2026-05-14 08:15:00.473 T:51704 warning <general>: Repository add-on repository.Wherethemonsterslive uses plain HTTP for add-on downloads in path http://www.midian.appboxes.co/wolfyB/files/ - this is insecure and will make your Kodi installation vulnerable to attacks if enabled!
2026-05-14 08:15:00.474 T:51704    info <general>: Skipped 1 duplicate messages..
2026-05-14 08:15:00.474 T:51704   error <general>: Repository add-on repository.ZadarHRrepo uses old schema definition for the repository extension point! This is no longer supported, please update your addon to use <dir> definitions.
2026-05-14 08:15:00.475 T:51704 warning <general>: Repository add-on repository.breezz uses plain HTTP for add-on downloads in path http://breezz1.com/breezz/repo/ - this is insecure and will make your Kodi installation vulnerable to attacks if enabled!
2026-05-14 08:15:00.475 T:51704   error <general>: Repository add-on repository.burekasKodi uses old schema definition for the repository extension point! This is no longer supported, please update your addon to use <dir> definitions.
2026-05-14 08:15:00.475 T:51704 warning <general>: Repository add-on repository.butter uses plain HTTP for add-on downloads in path http://j1wizard.net/butter-addons/_repo/ - this is insecure and will make your Kodi installation vulnerable to attacks if enabled!
2026-05-14 08:15:00.475 T:51704 warning <general>: Repository add-on repository.dab uses plain HTTP for add-on downloads in path http://dabutcher.org/repo.home/repository.dab/zips/ - this is insecure and will make your Kodi installation vulnerable to attacks if enabled!
2026-05-14 08:15:00.476 T:51704 warning <general>: Repository add-on repository.elementumorg uses plain HTTP for add-on downloads in path http://127.0.0.1:65223/ - this is insecure and will make your Kodi installation vulnerable to attacks if enabled!
2026-05-14 08:15:00.477 T:51704 warning <general>: Repository add-on repository.funstersplace uses plain HTTP for add-on downloads in path http://funstersplace.net/19repo/ - this is insecure and will make your Kodi installation vulnerable to attacks if enabled!
2026-05-14 08:15:00.477 T:51704 warning <general>: Repository add-on repository.gearheads2 uses plain HTTP for add-on downloads in path http://racingondemand.xyz/_repo/ - this is insecure and will make your Kodi installation vulnerable to attacks if enabled!
2026-05-14 08:15:00.477 T:51704 warning <general>: Repository add-on repository.github uses plain HTTP for add-on downloads in path http://127.0.0.1:61234/ - this is insecure and will make your Kodi installation vulnerable to attacks if enabled!
2026-05-14 08:15:00.477 T:51704 warning <general>: Repository add-on repository.grindhousekodi uses plain HTTP for add-on downloads in path http://grindhousekodi.us/grindhouse/repo/ - this is insecure and will make your Kodi installation vulnerable to attacks if enabled!
2026-05-14 08:15:00.478 T:51704 warning <general>: Repository add-on repository.mar33 uses plain HTTP for add-on downloads in path http://martinstz.com/_repo/ - this is insecure and will make your Kodi installation vulnerable to attacks if enabled!
2026-05-14 08:15:00.482 T:51704 warning <general>: CRepository::ADDON::CRepository::ParseDirConfiguration: Repository has MD5 hashes enabled - this hash function is broken and will only guard against unintentional data corruption
2026-05-14 08:15:00.482 T:51704 warning <general>: Repository add-on repository.theblackghost uses plain HTTP for add-on downloads in path http://addonbg.co/repo/ - this is insecure and will make your Kodi installation vulnerable to attacks if enabled!
2026-05-14 08:15:00.482 T:51704 warning <general>: Repository add-on repository.thegroove uses plain HTTP for add-on downloads in path http://thegroove360.org/zip/ - this is insecure and will make your Kodi installation vulnerable to attacks if enabled!
2026-05-14 08:15:00.483 T:51704 warning <general>: Repository add-on repository.torrest uses plain HTTP for add-on downloads in path http://127.0.0.1:61234/ - this is insecure and will make your Kodi installation vulnerable to attacks if enabled!
2026-05-14 08:15:00.483 T:51704   error <general>: Repository add-on repository.tvchopo uses old schema definition for the repository extension point! This is no longer supported, please update your addon to use <dir> definitions.
2026-05-14 08:15:00.483 T:51704 warning <general>: Repository add-on repository.twistednutz uses plain HTTP for add-on downloads in path http://twistednuts.co.uk/twisted/repo/ - this is insecure and will make your Kodi installation vulnerable to attacks if enabled!
2026-05-14 08:15:00.483 T:51704 warning <general>: CRepository::ADDON::CRepository::ParseDirConfiguration: Repository has MD5 hashes enabled - this hash function is broken and will only guard against unintentional data corruption
2026-05-14 08:15:00.483 T:51704 warning <general>: Repository add-on repository.xtasyd uses plain HTTP for add-on downloads in path http://xtasy-d.co.uk/zips/ - this is insecure and will make your Kodi installation vulnerable to attacks if enabled!
2026-05-14 08:15:00.485 T:51704 warning <general>: Repository add-on repository.elementumorg uses plain HTTP for add-on downloads in path http://127.0.0.1:65223/ - this is insecure and will make your Kodi installation vulnerable to attacks if enabled!
2026-05-14 08:15:00.485 T:51704 warning <general>: Repository add-on repository.github uses plain HTTP for add-on downloads in path http://127.0.0.1:61234/ - this is insecure and will make your Kodi installation vulnerable to attacks if enabled!
2026-05-14 08:15:00.485 T:51704 warning <general>: Repository add-on repository.funstersplace uses plain HTTP for add-on downloads in path http://funstersplace.net/19repo/ - this is insecure and will make your Kodi installation vulnerable to attacks if enabled!
2026-05-14 08:15:00.487 T:51704   error <general>: Repository add-on repository.rocky4546 uses old schema definition for the repository extension point! This is no longer supported, please update your addon to use <dir> definitions.
2026-05-14 08:15:00.487 T:51704   error <general>: Repository add-on repository.rocky4546 does not have any directory matching 21.3.0 and won't be able to update/serve addons! Please fix the addon.xml definition
2026-05-14 08:15:00.489 T:51704 warning <general>: Repository add-on repository.elementumorg uses plain HTTP for add-on downloads in path http://127.0.0.1:65223/ - this is insecure and will make your Kodi installation vulnerable to attacks if enabled!
2026-05-14 08:15:00.490 T:51704 warning <general>: Repository add-on repository.twistednutz uses plain HTTP for add-on downloads in path http://twistednuts.co.uk/twisted/repo/ - this is insecure and will make your Kodi installation vulnerable to attacks if enabled!
2026-05-14 08:15:00.519 T:51704 warning <general>: Repository add-on repository.Fido uses plain HTTP for add-on downloads in path http://fantazyrepo.uk/_repo/ - this is insecure and will make your Kodi installation vulnerable to attacks if enabled!
2026-05-14 08:15:00.519 T:51704 warning <general>: Repository add-on repository.djaythemes uses plain HTTP for add-on downloads in path http://djaythemes.xyz/_repo/ - this is insecure and will make your Kodi installation vulnerable to attacks if enabled!
2026-05-14 08:15:00.519 T:51704 warning <general>: Repository add-on repository.elementumorg uses plain HTTP for add-on downloads in path http://127.0.0.1:65223/ - this is insecure and will make your Kodi installation vulnerable to attacks if enabled!
2026-05-14 08:15:00.519 T:51704 warning <general>: Repository add-on repository.funstersplace uses plain HTTP for add-on downloads in path http://funstersplace.net/19repo/ - this is insecure and will make your Kodi installation vulnerable to attacks if enabled!
2026-05-14 08:15:00.519 T:51704 warning <general>: Repository add-on repository.gearheads2 uses plain HTTP for add-on downloads in path http://racingondemand.xyz/_repo/ - this is insecure and will make your Kodi installation vulnerable to attacks if enabled!
2026-05-14 08:15:00.519 T:51704 warning <general>: Repository add-on repository.grindhousekodi uses plain HTTP for add-on downloads in path http://grindhousekodi.us/grindhouse/repo/ - this is insecure and will make your Kodi installation vulnerable to attacks if enabled!
2026-05-14 08:15:00.520 T:51704 warning <general>: Repository add-on repository.twistednutz uses plain HTTP for add-on downloads in path http://twistednuts.co.uk/twisted/repo/ - this is insecure and will make your Kodi installation vulnerable to attacks if enabled!
2026-05-14 08:15:00.540 T:51704 warning <general>: Repository add-on repository.cralin uses plain HTTP for add-on downloads in path http://188.245.162.204/kodi/addons/repository.cralin/.packages - this is insecure and will make your Kodi installation vulnerable to attacks if enabled!
2026-05-14 08:15:00.540 T:51704 warning <general>: Repository add-on repository.cralin uses plain HTTP for add-on downloads in path http://188.245.162.204/kodi/addons/subtitles.subsroteam/.packages - this is insecure and will make your Kodi installation vulnerable to attacks if enabled!
2026-05-14 08:15:00.540 T:51704 warning <general>: Repository add-on repository.cralin uses plain HTTP for add-on downloads in path http://188.245.162.204/kodi/addons/TVOnline.ro/Kodi_21/.packages - this is insecure and will make your Kodi installation vulnerable to attacks if enabled!
2026-05-14 08:15:00.542 T:51704 warning <general>: Repository add-on repository.Fido uses plain HTTP for add-on downloads in path http://fantazyrepo.uk/_repo/ - this is insecure and will make your Kodi installation vulnerable to attacks if enabled!
2026-05-14 08:15:00.542 T:51704   error <general>: Repository add-on repository.jenrepo uses old schema definition for the repository extension point! This is no longer supported, please update your addon to use <dir> definitions.
2026-05-14 08:15:00.542 T:51704   error <general>: Repository add-on repository.universalscrapers uses old schema definition for the repository extension point! This is no longer supported, please update your addon to use <dir> definitions.
2026-05-14 08:15:00.542 T:51704   error <general>: Repository add-on repository.universalscrapers does not have any directory matching 21.3.0 and won't be able to update/serve addons! Please fix the addon.xml definition
2026-05-14 08:15:00.544 T:51704   error <general>: Repository add-on repository.jenrepo uses old schema definition for the repository extension point! This is no longer supported, please update your addon to use <dir> definitions.
2026-05-14 08:15:00.545 T:51704   error <general>: Repository add-on repository.universalscrapers uses old schema definition for the repository extension point! This is no longer supported, please update your addon to use <dir> definitions.
2026-05-14 08:15:00.545 T:51704   error <general>: Repository add-on repository.universalscrapers does not have any directory matching 21.3.0 and won't be able to update/serve addons! Please fix the addon.xml definition
2026-05-14 08:15:00.546 T:51704 warning <general>: Repository add-on repository.github uses plain HTTP for add-on downloads in path http://127.0.0.1:61234/ - this is insecure and will make your Kodi installation vulnerable to attacks if enabled!
2026-05-14 08:15:00.547 T:51704 warning <general>: Repository add-on repository.elementumorg uses plain HTTP for add-on downloads in path http://127.0.0.1:65223/ - this is insecure and will make your Kodi installation vulnerable to attacks if enabled!
2026-05-14 08:15:00.549 T:51704   error <general>: Repository add-on repository.magicoGR uses old schema definition for the repository extension point! This is no longer supported, please update your addon to use <dir> definitions.
2026-05-14 08:15:00.549 T:51704 warning <general>: Repository add-on repository.magicoGR uses plain HTTP for add-on downloads in path http://romanvm.github.io/kodi_repo/repo - this is insecure and will make your Kodi installation vulnerable to attacks if enabled!
2026-05-14 08:15:00.549 T:51704   error <general>: Repository add-on repository.twilight0 uses old schema definition for the repository extension point! This is no longer supported, please update your addon to use <dir> definitions.
2026-05-14 08:15:00.549 T:51704   error <general>: Repository add-on repository.universalscrapers uses old schema definition for the repository extension point! This is no longer supported, please update your addon to use <dir> definitions.
2026-05-14 08:15:00.549 T:51704   error <general>: Repository add-on repository.universalscrapers does not have any directory matching 21.3.0 and won't be able to update/serve addons! Please fix the addon.xml definition
2026-05-14 08:15:00.550 T:51704 warning <general>: Repository add-on repository.funstersplace uses plain HTTP for add-on downloads in path http://funstersplace.net/19repo/ - this is insecure and will make your Kodi installation vulnerable to attacks if enabled!
2026-05-14 08:15:00.550 T:51704   error <general>: Repository add-on repository.jenrepo uses old schema definition for the repository extension point! This is no longer supported, please update your addon to use <dir> definitions.
2026-05-14 08:15:00.550 T:51704   error <general>: Repository add-on repository.universalscrapers uses old schema definition for the repository extension point! This is no longer supported, please update your addon to use <dir> definitions.
2026-05-14 08:15:00.550 T:51704   error <general>: Repository add-on repository.universalscrapers does not have any directory matching 21.3.0 and won't be able to update/serve addons! Please fix the addon.xml definition
2026-05-14 08:15:00.552 T:51704 warning <general>: Repository add-on repository.elementumorg uses plain HTTP for add-on downloads in path http://127.0.0.1:65223/ - this is insecure and will make your Kodi installation vulnerable to attacks if enabled!
2026-05-14 08:15:00.552 T:51704   error <general>: Repository add-on repository.skins.pkscout does not have any directory matching 21.3.0 and won't be able to update/serve addons! Please fix the addon.xml definition
2026-05-14 08:15:00.557 T:51704   error <general>: Repository add-on repository.diggz22 does not have any directory matching 21.3.0 and won't be able to update/serve addons! Please fix the addon.xml definition
2026-05-14 08:15:00.558 T:51704 warning <general>: Repository add-on repository.NarcacistWizard uses plain HTTP for add-on downloads in path http://narcacist.com/_repo/ - this is insecure and will make your Kodi installation vulnerable to attacks if enabled!
2026-05-14 08:15:00.558 T:51704 warning <general>: Repository add-on repository.djaythemes uses plain HTTP for add-on downloads in path http://djaythemes.xyz/_repo/ - this is insecure and will make your Kodi installation vulnerable to attacks if enabled!
2026-05-14 08:15:00.558 T:51704   error <general>: Repository add-on repository.gujal uses old schema definition for the repository extension point! This is no longer supported, please update your addon to use <dir> definitions.
2026-05-14 08:15:00.558 T:51704   error <general>: Repository add-on repository.jenrepo uses old schema definition for the repository extension point! This is no longer supported, please update your addon to use <dir> definitions.
2026-05-14 08:15:00.561 T:51704 warning <general>: Repository add-on repository.funstersplace uses plain HTTP for add-on downloads in path http://funstersplace.net/19repo/ - this is insecure and will make your Kodi installation vulnerable to attacks if enabled!
2026-05-14 08:15:00.561 T:51704 warning <general>: Repository add-on repository.grindhousekodi uses plain HTTP for add-on downloads in path http://grindhousekodi.us/grindhouse/repo/ - this is insecure and will make your Kodi installation vulnerable to attacks if enabled!
2026-05-14 08:15:00.561 T:51704   error <general>: Repository add-on repository.universalscrapers uses old schema definition for the repository extension point! This is no longer supported, please update your addon to use <dir> definitions.
2026-05-14 08:15:00.561 T:51704   error <general>: Repository add-on repository.universalscrapers does not have any directory matching 21.3.0 and won't be able to update/serve addons! Please fix the addon.xml definition
2026-05-14 08:15:00.576 T:51704 warning <general>: Repository add-on repository.Fido uses plain HTTP for add-on downloads in path http://fantazyrepo.uk/_repo/ - this is insecure and will make your Kodi installation vulnerable to attacks if enabled!
2026-05-14 08:15:00.576 T:51704 warning <general>: Repository add-on repository.Wherethemonsterslive uses plain HTTP for add-on downloads in path http://www.midian.appboxes.co/wolfyB/files/ - this is insecure and will make your Kodi installation vulnerable to attacks if enabled!
2026-05-14 08:15:00.576 T:51704    info <general>: Skipped 1 duplicate messages..
2026-05-14 08:15:00.576 T:51704   error <general>: Repository add-on repository.ZadarHRrepo uses old schema definition for the repository extension point! This is no longer supported, please update your addon to use <dir> definitions.
2026-05-14 08:15:00.577 T:51704 warning <general>: Repository add-on repository.breezz uses plain HTTP for add-on downloads in path http://breezz1.com/breezz/repo/ - this is insecure and will make your Kodi installation vulnerable to attacks if enabled!
2026-05-14 08:15:00.577 T:51704   error <general>: Repository add-on repository.burekasKodi uses old schema definition for the repository extension point! This is no longer supported, please update your addon to use <dir> definitions.
2026-05-14 08:15:00.577 T:51704 warning <general>: Repository add-on repository.butter uses plain HTTP for add-on downloads in path http://j1wizard.net/butter-addons/_repo/ - this is insecure and will make your Kodi installation vulnerable to attacks if enabled!
2026-05-14 08:15:00.578 T:51704 warning <general>: Repository add-on repository.dab uses plain HTTP for add-on downloads in path http://dabutcher.org/repo.home/repository.dab/zips/ - this is insecure and will make your Kodi installation vulnerable to attacks if enabled!
2026-05-14 08:15:00.579 T:51704 warning <general>: Repository add-on repository.elementumorg uses plain HTTP for add-on downloads in path http://127.0.0.1:65223/ - this is insecure and will make your Kodi installation vulnerable to attacks if enabled!
2026-05-14 08:15:00.579 T:51704 warning <general>: Repository add-on repository.funstersplace uses plain HTTP for add-on downloads in path http://funstersplace.net/19repo/ - this is insecure and will make your Kodi installation vulnerable to attacks if enabled!
2026-05-14 08:15:00.579 T:51704 warning <general>: Repository add-on repository.gearheads2 uses plain HTTP for add-on downloads in path http://racingondemand.xyz/_repo/ - this is insecure and will make your Kodi installation vulnerable to attacks if enabled!
2026-05-14 08:15:00.579 T:51704 warning <general>: Repository add-on repository.github uses plain HTTP for add-on downloads in path http://127.0.0.1:61234/ - this is insecure and will make your Kodi installation vulnerable to attacks if enabled!
2026-05-14 08:15:00.580 T:51704 warning <general>: Repository add-on repository.grindhousekodi uses plain HTTP for add-on downloads in path http://grindhousekodi.us/grindhouse/repo/ - this is insecure and will make your Kodi installation vulnerable to attacks if enabled!
2026-05-14 08:15:00.581 T:51704 warning <general>: Repository add-on repository.mar33 uses plain HTTP for add-on downloads in path http://martinstz.com/_repo/ - this is insecure and will make your Kodi installation vulnerable to attacks if enabled!
2026-05-14 08:15:00.585 T:51704 warning <general>: CRepository::ADDON::CRepository::ParseDirConfiguration: Repository has MD5 hashes enabled - this hash function is broken and will only guard against unintentional data corruption
2026-05-14 08:15:00.585 T:51704 warning <general>: Repository add-on repository.theblackghost uses plain HTTP for add-on downloads in path http://addonbg.co/repo/ - this is insecure and will make your Kodi installation vulnerable to attacks if enabled!
2026-05-14 08:15:00.585 T:51704 warning <general>: Repository add-on repository.thegroove uses plain HTTP for add-on downloads in path http://thegroove360.org/zip/ - this is insecure and will make your Kodi installation vulnerable to attacks if enabled!
2026-05-14 08:15:00.586 T:51704 warning <general>: Repository add-on repository.torrest uses plain HTTP for add-on downloads in path http://127.0.0.1:61234/ - this is insecure and will make your Kodi installation vulnerable to attacks if enabled!
2026-05-14 08:15:00.586 T:51704   error <general>: Repository add-on repository.tvchopo uses old schema definition for the repository extension point! This is no longer supported, please update your addon to use <dir> definitions.
2026-05-14 08:15:00.586 T:51704 warning <general>: Repository add-on repository.twistednutz uses plain HTTP for add-on downloads in path http://twistednuts.co.uk/twisted/repo/ - this is insecure and will make your Kodi installation vulnerable to attacks if enabled!
2026-05-14 08:15:00.586 T:51704 warning <general>: CRepository::ADDON::CRepository::ParseDirConfiguration: Repository has MD5 hashes enabled - this hash function is broken and will only guard against unintentional data corruption
2026-05-14 08:15:00.586 T:51704 warning <general>: Repository add-on repository.xtasyd uses plain HTTP for add-on downloads in path http://xtasy-d.co.uk/zips/ - this is insecure and will make your Kodi installation vulnerable to attacks if enabled!
2026-05-14 08:15:00.588 T:51704 warning <general>: Repository add-on repository.elementumorg uses plain HTTP for add-on downloads in path http://127.0.0.1:65223/ - this is insecure and will make your Kodi installation vulnerable to attacks if enabled!
2026-05-14 08:15:00.588 T:51704 warning <general>: Repository add-on repository.github uses plain HTTP for add-on downloads in path http://127.0.0.1:61234/ - this is insecure and will make your Kodi installation vulnerable to attacks if enabled!
2026-05-14 08:15:00.589 T:51704 warning <general>: Repository add-on repository.funstersplace uses plain HTTP for add-on downloads in path http://funstersplace.net/19repo/ - this is insecure and will make your Kodi installation vulnerable to attacks if enabled!
2026-05-14 08:15:00.590 T:51704   error <general>: Repository add-on repository.rocky4546 uses old schema definition for the repository extension point! This is no longer supported, please update your addon to use <dir> definitions.
2026-05-14 08:15:00.590 T:51704   error <general>: Repository add-on repository.rocky4546 does not have any directory matching 21.3.0 and won't be able to update/serve addons! Please fix the addon.xml definition
2026-05-14 08:15:00.591 T:51704 warning <general>: Repository add-on repository.elementumorg uses plain HTTP for add-on downloads in path http://127.0.0.1:65223/ - this is insecure and will make your Kodi installation vulnerable to attacks if enabled!
2026-05-14 08:15:00.592 T:51704 warning <general>: Repository add-on repository.twistednutz uses plain HTTP for add-on downloads in path http://twistednuts.co.uk/twisted/repo/ - this is insecure and will make your Kodi installation vulnerable to attacks if enabled!
2026-05-14 08:15:00.619 T:51704 warning <general>: Repository add-on repository.Fido uses plain HTTP for add-on downloads in path http://fantazyrepo.uk/_repo/ - this is insecure and will make your Kodi installation vulnerable to attacks if enabled!
2026-05-14 08:15:00.620 T:51704 warning <general>: Repository add-on repository.djaythemes uses plain HTTP for add-on downloads in path http://djaythemes.xyz/_repo/ - this is insecure and will make your Kodi installation vulnerable to attacks if enabled!
2026-05-14 08:15:00.620 T:51704 warning <general>: Repository add-on repository.elementumorg uses plain HTTP for add-on downloads in path http://127.0.0.1:65223/ - this is insecure and will make your Kodi installation vulnerable to attacks if enabled!
2026-05-14 08:15:00.620 T:51704 warning <general>: Repository add-on repository.funstersplace uses plain HTTP for add-on downloads in path http://funstersplace.net/19repo/ - this is insecure and will make your Kodi installation vulnerable to attacks if enabled!
2026-05-14 08:15:00.620 T:51704 warning <general>: Repository add-on repository.gearheads2 uses plain HTTP for add-on downloads in path http://racingondemand.xyz/_repo/ - this is insecure and will make your Kodi installation vulnerable to attacks if enabled!
2026-05-14 08:15:00.620 T:51704 warning <general>: Repository add-on repository.grindhousekodi uses plain HTTP for add-on downloads in path http://grindhousekodi.us/grindhouse/repo/ - this is insecure and will make your Kodi installation vulnerable to attacks if enabled!
2026-05-14 08:15:00.620 T:51704 warning <general>: Repository add-on repository.twistednutz uses plain HTTP for add-on downloads in path http://twistednuts.co.uk/twisted/repo/ - this is insecure and will make your Kodi installation vulnerable to attacks if enabled!
2026-05-14 08:15:00.627 T:51704 warning <general>: Repository add-on repository.Fido uses plain HTTP for add-on downloads in path http://fantazyrepo.uk/_repo/ - this is insecure and will make your Kodi installation vulnerable to attacks if enabled!
2026-05-14 08:15:00.627 T:51704 warning <general>: Repository add-on repository.djaythemes uses plain HTTP for add-on downloads in path http://djaythemes.xyz/_repo/ - this is insecure and will make your Kodi installation vulnerable to attacks if enabled!
2026-05-14 08:15:00.627 T:51704 warning <general>: Repository add-on repository.elementumorg uses plain HTTP for add-on downloads in path http://127.0.0.1:65223/ - this is insecure and will make your Kodi installation vulnerable to attacks if enabled!
2026-05-14 08:15:00.627 T:51704 warning <general>: Repository add-on repository.funstersplace uses plain HTTP for add-on downloads in path http://funstersplace.net/19repo/ - this is insecure and will make your Kodi installation vulnerable to attacks if enabled!
2026-05-14 08:15:00.627 T:51704 warning <general>: Repository add-on repository.gearheads2 uses plain HTTP for add-on downloads in path http://racingondemand.xyz/_repo/ - this is insecure and will make your Kodi installation vulnerable to attacks if enabled!
2026-05-14 08:15:00.627 T:51704 warning <general>: Repository add-on repository.grindhousekodi uses plain HTTP for add-on downloads in path http://grindhousekodi.us/grindhouse/repo/ - this is insecure and will make your Kodi installation vulnerable to attacks if enabled!
2026-05-14 08:15:00.627 T:51704 warning <general>: Repository add-on repository.twistednutz uses plain HTTP for add-on downloads in path http://twistednuts.co.uk/twisted/repo/ - this is insecure and will make your Kodi installation vulnerable to attacks if enabled!
2026-05-14 08:17:28.038 T:14400    info <general>: AM Lite: Addon checking available updates
2026-05-14 08:17:28.120 T:14400    info <general>: AM Lite: Addon update check complete
2026-05-14 08:17:28.120 T:14400    info <general>: AM Lite: Starting Trakt refresh monitor loop
2026-05-14 08:21:31.838 T:4792    error <general>: CCurlFile::XFILE::CCurlFile::Open - <https://raw.githubusercontent.com/main/packages/media/icons/empty_person.png> Failed with code 404:
                                                   
2026-05-14 08:21:31.844 T:6896    error <general>: CCurlFile::XFILE::CCurlFile::Open - <https://raw.githubusercontent.com/main/packages/media/icons/anime.png> Failed with code 404:
                                                   
2026-05-14 08:21:31.844 T:51624   error <general>: CCurlFile::XFILE::CCurlFile::Open - <https://raw.githubusercontent.com/main/packages/media/icons/movies.png> Failed with code 404:
                                                   
2026-05-14 08:21:31.844 T:33896   error <general>: CCurlFile::XFILE::CCurlFile::Open - <https://raw.githubusercontent.com/main/packages/media/icons/tv.png> Failed with code 404:
                                                   
2026-05-14 08:21:31.905 T:4792    error <general>: CCurlFile::XFILE::CCurlFile::Open - <https://raw.githubusercontent.com/main/packages/media/icons/search.png> Failed with code 404:
                                                   
2026-05-14 08:21:31.943 T:33896   error <general>: CCurlFile::XFILE::CCurlFile::Open - <https://raw.githubusercontent.com/main/packages/media/icons/lists.png> Failed with code 404:
                                                   
2026-05-14 08:21:31.958 T:6896    error <general>: CCurlFile::XFILE::CCurlFile::Open - <https://raw.githubusercontent.com/main/packages/media/icons/discover.png> Failed with code 404:
                                                   
2026-05-14 08:21:31.964 T:51624   error <general>: CCurlFile::XFILE::CCurlFile::Open - <https://raw.githubusercontent.com/main/packages/media/icons/random.png> Failed with code 404:
                                                   
2026-05-14 08:21:32.010 T:4792    error <general>: CCurlFile::XFILE::CCurlFile::Open - <https://raw.githubusercontent.com/main/packages/media/icons/premium.png> Failed with code 404:
                                                   
2026-05-14 08:21:50.376 T:6896    error <general>: CCurlFile::XFILE::CCurlFile::Open - <https://raw.githubusercontent.com/main/packages/media/icons/movies.png> Failed with code 404:
                                                   
2026-05-14 08:21:50.400 T:33896   error <general>: CCurlFile::XFILE::CCurlFile::Open - <https://raw.githubusercontent.com/main/packages/media/icons/empty_person.png> Failed with code 404:
                                                   
2026-05-14 08:23:59.844 T:6536     info <general>: Vacuuming databases: 0.505 sec
2026-05-14 08:23:59.845 T:6536    error <general>: XFILE::CDirectory::GetDirectory - Error getting C:\Users\Sobee\AppData\Roaming\Kodi\userdata\addon_data\plugin.video.themoviedb.helper\log_tagger\
2026-05-14 08:23:59.845 T:6536    error <general>: XFILE::CDirectory::GetDirectory - Error getting C:\Users\Sobee\AppData\Roaming\Kodi\userdata\addon_data\plugin.video.themoviedb.helper\log_library\
2026-05-14 08:23:59.845 T:6536    error <general>: XFILE::CDirectory::GetDirectory - Error getting C:\Users\Sobee\AppData\Roaming\Kodi\userdata\addon_data\plugin.video.themoviedb.helper\timer_report\
2026-05-14 08:29:38.849 T:49124    info <general>: SEREN (-1): Seren, Running Path - {'action': 'runMaintenance'}
2026-05-14 08:29:39.026 T:49124    info <general>: SEREN (-1): Performing Maintenance
2026-05-14 08:29:39.034 T:49124    info <general>: SEREN (-1): Init provider packages
2026-05-14 08:29:53.729 T:34184    info <general>: SEREN (-1): Seren, Running Path - {'action': 'syncTraktActivities'}
2026-05-14 08:29:53.750 T:34184 warning <general>: SEREN (-1): TraktSync: No Trakt auth present, no sync will occur
2026-05-14 08:30:08.817 T:52152    info <general>: SEREN (-1): Seren, Running Path - {'action': 'cleanOrphanedMetadata'}
2026-05-14 08:30:23.821 T:28164    info <general>: SEREN (-1): Seren, Running Path - {'action': 'updateLocalTimezone'}
2026-05-14 08:34:00.675 T:6536     info <general>: Vacuuming databases: 0.811 sec
2026-05-14 08:34:00.675 T:6536    error <general>: XFILE::CDirectory::GetDirectory - Error getting C:\Users\Sobee\AppData\Roaming\Kodi\userdata\addon_data\plugin.video.themoviedb.helper\log_tagger\
2026-05-14 08:34:00.675 T:6536    error <general>: XFILE::CDirectory::GetDirectory - Error getting C:\Users\Sobee\AppData\Roaming\Kodi\userdata\addon_data\plugin.video.themoviedb.helper\log_library\
2026-05-14 08:34:00.675 T:6536    error <general>: XFILE::CDirectory::GetDirectory - Error getting C:\Users\Sobee\AppData\Roaming\Kodi\userdata\addon_data\plugin.video.themoviedb.helper\timer_report\
2026-05-14 08:43:57.141 T:17176    info <general>: !! SALTS !!: TraktMonitor Service Update SALTS TraktMonitor - Aborted. No Trakt Account Active - Next Update in 30 minutes...
2026-05-14 08:43:57.141 T:17176    info <general>: !! SALTS !!: TraktMonitor Service Update SALTS MDBListMonitor - Aborted. No MDBList Account Active - Next Update in 30 minutes...
2026-05-14 08:43:57.141 T:17176    info <general>: !! SALTS !!: TraktMonitor Service Update SALTS FlickListMonitor - Aborted. No FLickList Account Active - Next Update in 30 minutes...
2026-05-14 08:43:59.445 T:54716    info <general>: WEATHER: Downloading weather
2026-05-14 08:44:01.605 T:6536     info <general>: Vacuuming databases: 0.927 sec
2026-05-14 08:44:01.606 T:6536    error <general>: XFILE::CDirectory::GetDirectory - Error getting C:\Users\Sobee\AppData\Roaming\Kodi\userdata\addon_data\plugin.video.themoviedb.helper\log_tagger\
2026-05-14 08:44:01.606 T:6536    error <general>: XFILE::CDirectory::GetDirectory - Error getting C:\Users\Sobee\AppData\Roaming\Kodi\userdata\addon_data\plugin.video.themoviedb.helper\log_library\
2026-05-14 08:44:01.606 T:6536    error <general>: XFILE::CDirectory::GetDirectory - Error getting C:\Users\Sobee\AppData\Roaming\Kodi\userdata\addon_data\plugin.video.themoviedb.helper\timer_report\
2026-05-14 08:44:01.902 T:12320    info <general>: [TMDb Movies] TraktMonitor Service Update - Aborted. No Trakt Account Active. Next Update in 30 minutes...
2026-05-14 08:45:18.620 T:55452 warning <general>: Repository add-on repository.Fido uses plain HTTP for add-on downloads in path http://fantazyrepo.uk/_repo/ - this is insecure and will make your Kodi installation vulnerable to attacks if enabled!
2026-05-14 08:45:18.621 T:55452 warning <general>: Repository add-on repository.djaythemes uses plain HTTP for add-on downloads in path http://djaythemes.xyz/_repo/ - this is insecure and will make your Kodi installation vulnerable to attacks if enabled!
2026-05-14 08:45:18.621 T:55452 warning <general>: Repository add-on repository.elementumorg uses plain HTTP for add-on downloads in path http://127.0.0.1:65223/ - this is insecure and will make your Kodi installation vulnerable to attacks if enabled!
2026-05-14 08:45:18.621 T:55452 warning <general>: Repository add-on repository.funstersplace uses plain HTTP for add-on downloads in path http://funstersplace.net/19repo/ - this is insecure and will make your Kodi installation vulnerable to attacks if enabled!
2026-05-14 08:45:18.621 T:55452 warning <general>: Repository add-on repository.gearheads2 uses plain HTTP for add-on downloads in path http://racingondemand.xyz/_repo/ - this is insecure and will make your Kodi installation vulnerable to attacks if enabled!
2026-05-14 08:45:18.621 T:55452 warning <general>: Repository add-on repository.grindhousekodi uses plain HTTP for add-on downloads in path http://grindhousekodi.us/grindhouse/repo/ - this is insecure and will make your Kodi installation vulnerable to attacks if enabled!
2026-05-14 08:45:18.621 T:55452 warning <general>: Repository add-on repository.twistednutz uses plain HTTP for add-on downloads in path http://twistednuts.co.uk/twisted/repo/ - this is insecure and will make your Kodi installation vulnerable to attacks if enabled!
2026-05-14 08:45:18.631 T:55452 warning <general>: Repository add-on repository.Fido uses plain HTTP for add-on downloads in path http://fantazyrepo.uk/_repo/ - this is insecure and will make your Kodi installation vulnerable to attacks if enabled!
2026-05-14 08:45:18.631 T:55452 warning <general>: Repository add-on repository.djaythemes uses plain HTTP for add-on downloads in path http://djaythemes.xyz/_repo/ - this is insecure and will make your Kodi installation vulnerable to attacks if enabled!
2026-05-14 08:45:18.631 T:55452 warning <general>: Repository add-on repository.elementumorg uses plain HTTP for add-on downloads in path http://127.0.0.1:65223/ - this is insecure and will make your Kodi installation vulnerable to attacks if enabled!
2026-05-14 08:45:18.631 T:55452 warning <general>: Repository add-on repository.funstersplace uses plain HTTP for add-on downloads in path http://funstersplace.net/19repo/ - this is insecure and will make your Kodi installation vulnerable to attacks if enabled!
2026-05-14 08:45:18.631 T:55452 warning <general>: Repository add-on repository.gearheads2 uses plain HTTP for add-on downloads in path http://racingondemand.xyz/_repo/ - this is insecure and will make your Kodi installation vulnerable to attacks if enabled!
2026-05-14 08:45:18.631 T:55452 warning <general>: Repository add-on repository.grindhousekodi uses plain HTTP for add-on downloads in path http://grindhousekodi.us/grindhouse/repo/ - this is insecure and will make your Kodi installation vulnerable to attacks if enabled!
2026-05-14 08:45:18.632 T:55452 warning <general>: Repository add-on repository.twistednutz uses plain HTTP for add-on downloads in path http://twistednuts.co.uk/twisted/repo/ - this is insecure and will make your Kodi installation vulnerable to attacks if enabled!
2026-05-14 08:45:18.633 T:55452 warning <general>: Repository add-on repository.Fido uses plain HTTP for add-on downloads in path http://fantazyrepo.uk/_repo/ - this is insecure and will make your Kodi installation vulnerable to attacks if enabled!
2026-05-14 08:45:18.633 T:55452 warning <general>: Repository add-on repository.djaythemes uses plain HTTP for add-on downloads in path http://djaythemes.xyz/_repo/ - this is insecure and will make your Kodi installation vulnerable to attacks if enabled!
2026-05-14 08:45:18.633 T:55452 warning <general>: Repository add-on repository.elementumorg uses plain HTTP for add-on downloads in path http://127.0.0.1:65223/ - this is insecure and will make your Kodi installation vulnerable to attacks if enabled!
2026-05-14 08:45:18.633 T:55452 warning <general>: Repository add-on repository.funstersplace uses plain HTTP for add-on downloads in path http://funstersplace.net/19repo/ - this is insecure and will make your Kodi installation vulnerable to attacks if enabled!
2026-05-14 08:45:18.633 T:55452 warning <general>: Repository add-on repository.gearheads2 uses plain HTTP for add-on downloads in path http://racingondemand.xyz/_repo/ - this is insecure and will make your Kodi installation vulnerable to attacks if enabled!
2026-05-14 08:45:18.633 T:55452 warning <general>: Repository add-on repository.grindhousekodi uses plain HTTP for add-on downloads in path http://grindhousekodi.us/grindhouse/repo/ - this is insecure and will make your Kodi installation vulnerable to attacks if enabled!
2026-05-14 08:45:18.633 T:55452 warning <general>: Repository add-on repository.twistednutz uses plain HTTP for add-on downloads in path http://twistednuts.co.uk/twisted/repo/ - this is insecure and will make your Kodi installation vulnerable to attacks if enabled!
2026-05-14 08:45:18.639 T:55452 warning <general>: Repository add-on repository.Fido uses plain HTTP for add-on downloads in path http://fantazyrepo.uk/_repo/ - this is insecure and will make your Kodi installation vulnerable to attacks if enabled!
2026-05-14 08:45:18.639 T:55452 warning <general>: Repository add-on repository.djaythemes uses plain HTTP for add-on downloads in path http://djaythemes.xyz/_repo/ - this is insecure and will make your Kodi installation vulnerable to attacks if enabled!
2026-05-14 08:45:18.639 T:55452 warning <general>: Repository add-on repository.elementumorg uses plain HTTP for add-on downloads in path http://127.0.0.1:65223/ - this is insecure and will make your Kodi installation vulnerable to attacks if enabled!
2026-05-14 08:45:18.639 T:55452 warning <general>: Repository add-on repository.funstersplace uses plain HTTP for add-on downloads in path http://funstersplace.net/19repo/ - this is insecure and will make your Kodi installation vulnerable to attacks if enabled!
2026-05-14 08:45:18.639 T:55452 warning <general>: Repository add-on repository.gearheads2 uses plain HTTP for add-on downloads in path http://racingondemand.xyz/_repo/ - this is insecure and will make your Kodi installation vulnerable to attacks if enabled!
2026-05-14 08:45:18.639 T:55452 warning <general>: Repository add-on repository.grindhousekodi uses plain HTTP for add-on downloads in path http://grindhousekodi.us/grindhouse/repo/ - this is insecure and will make your Kodi installation vulnerable to attacks if enabled!
2026-05-14 08:45:18.639 T:55452 warning <general>: Repository add-on repository.twistednutz uses plain HTTP for add-on downloads in path http://twistednuts.co.uk/twisted/repo/ - this is insecure and will make your Kodi installation vulnerable to attacks if enabled!
2026-05-14 08:45:18.640 T:55452 warning <general>: Repository add-on repository.Fido uses plain HTTP for add-on downloads in path http://fantazyrepo.uk/_repo/ - this is insecure and will make your Kodi installation vulnerable to attacks if enabled!
2026-05-14 08:45:18.640 T:55452 warning <general>: Repository add-on repository.djaythemes uses plain HTTP for add-on downloads in path http://djaythemes.xyz/_repo/ - this is insecure and will make your Kodi installation vulnerable to attacks if enabled!
2026-05-14 08:45:18.640 T:55452 warning <general>: Repository add-on repository.elementumorg uses plain HTTP for add-on downloads in path http://127.0.0.1:65223/ - this is insecure and will make your Kodi installation vulnerable to attacks if enabled!
2026-05-14 08:45:18.640 T:55452 warning <general>: Repository add-on repository.funstersplace uses plain HTTP for add-on downloads in path http://funstersplace.net/19repo/ - this is insecure and will make your Kodi installation vulnerable to attacks if enabled!
2026-05-14 08:45:18.640 T:55452 warning <general>: Repository add-on repository.gearheads2 uses plain HTTP for add-on downloads in path http://racingondemand.xyz/_repo/ - this is insecure and will make your Kodi installation vulnerable to attacks if enabled!
2026-05-14 08:45:18.640 T:55452 warning <general>: Repository add-on repository.grindhousekodi uses plain HTTP for add-on downloads in path http://grindhousekodi.us/grindhouse/repo/ - this is insecure and will make your Kodi installation vulnerable to attacks if enabled!
2026-05-14 08:45:18.641 T:55452 warning <general>: Repository add-on repository.twistednutz uses plain HTTP for add-on downloads in path http://twistednuts.co.uk/twisted/repo/ - this is insecure and will make your Kodi installation vulnerable to attacks if enabled!
2026-05-14 08:47:23.791 T:54004    info <general>: SEREN (-1): Seren, Running Path - {'action': 'runMaintenance'}
2026-05-14 08:47:23.963 T:54004    info <general>: SEREN (-1): Performing Maintenance
2026-05-14 08:47:23.969 T:54004    info <general>: SEREN (-1): Init provider packages
2026-05-14 08:47:38.881 T:2796     info <general>: SEREN (-1): Seren, Running Path - {'action': 'syncTraktActivities'}
2026-05-14 08:47:38.910 T:2796  warning <general>: SEREN (-1): TraktSync: No Trakt auth present, no sync will occur
2026-05-14 08:47:53.833 T:53096    info <general>: SEREN (-1): Seren, Running Path - {'action': 'cleanOrphanedMetadata'}
2026-05-14 08:48:08.874 T:56176    info <general>: SEREN (-1): Seren, Running Path - {'action': 'updateLocalTimezone'}
2026-05-14 08:52:28.218 T:14400    info <general>: AM Lite: Trakt token expired or near expiry - refreshing
2026-05-14 08:52:29.917 T:14400    info <general>: AM Lite: Trakt token refreshed successfully
2026-05-14 08:52:29.917 T:14400    info <general>: AM Lite: Background Trakt refresh succeeded - syncing add-ons
2026-05-14 08:52:29.922 T:14400    info <general>: AM Lite: Trakt token synced to add-ons
2026-05-14 08:54:02.372 T:6536     info <general>: Vacuuming databases: 0.745 sec
2026-05-14 08:54:02.373 T:6536    error <general>: XFILE::CDirectory::GetDirectory - Error getting C:\Users\Sobee\AppData\Roaming\Kodi\userdata\addon_data\plugin.video.themoviedb.helper\log_tagger\
2026-05-14 08:54:02.373 T:6536    error <general>: XFILE::CDirectory::GetDirectory - Error getting C:\Users\Sobee\AppData\Roaming\Kodi\userdata\addon_data\plugin.video.themoviedb.helper\log_library\
2026-05-14 08:54:02.373 T:6536    error <general>: XFILE::CDirectory::GetDirectory - Error getting C:\Users\Sobee\AppData\Roaming\Kodi\userdata\addon_data\plugin.video.themoviedb.helper\timer_report\
2026-05-14 09:00:47.286 T:27304    info <general>: Stopping the application...
2026-05-14 09:00:47.286 T:27304    info <general>: Stopping player
2026-05-14 09:00:47.287 T:27304    info <general>: Storing total System Uptime
2026-05-14 09:00:47.287 T:27304    info <general>: Saving settings
2026-05-14 09:00:47.288 T:27304    info <general>: Saving skin settings
2026-05-14 09:00:47.289 T:27304    info <general>: Stopping all
2026-05-14 09:00:47.289 T:27304    info <general>: ES: Stopping event server
2026-05-14 09:00:47.289 T:27304    info <general>: [WS-Discovery]: terminating
2026-05-14 09:00:47.289 T:27304    info <general>: stopping upnp
2026-05-14 09:00:47.966 T:31232    info <general>: ES: UDP Event server stopped
2026-05-14 09:00:47.966 T:43520    info <general>: context.seren service: stopped
2026-05-14 09:00:48.506 T:27304    info <general>: CServiceAddonManager: failed to stop plugin.video.blacklodge (may have ended)
2026-05-14 09:00:48.507 T:51620    info <general>: ###Fen Light###: TraktMonitor Service Finished
2026-05-14 09:00:48.507 T:50024    info <general>: ###Fen Light###: CustomWindowsPrepare Service Finished
2026-05-14 09:00:48.507 T:48216    info <general>: ###Fen Light###: Main Monitor Service Finished
2026-05-14 09:00:48.507 T:48216    info <general>: CPythonInvoker(5, C:\Users\Sobee\AppData\Roaming\Kodi\addons\plugin.video.fenlight\resources\lib\service.py): waiting on thread 51020
2026-05-14 09:00:48.507 T:51020    info <general>: ###Fen Light###: WidgetRefresher Service Finished
2026-05-14 09:00:52.293 T:27304    info <general>: CServiceAddonManager: failed to stop plugin.video.premiumizerx (may have ended)
2026-05-14 09:00:52.293 T:27304    info <general>: CServiceAddonManager: failed to stop plugin.video.realizerx (may have ended)
2026-05-14 09:00:52.296 T:17176    info <general>: !! SALTS !!: TraktMonitor Service Finished
2026-05-14 09:00:52.297 T:50964    info <general>: !! SALTS !!: Settings Monitor Service Finished
2026-05-14 09:00:52.297 T:50964    info <general>: !! SALTS !!: Main Monitor Service Finished
2026-05-14 09:00:53.110 T:49144 warning <general>: [script.module.thecrew][TraktMonitor] Service Finished
2026-05-14 09:00:58.116 T:27304   error <general>: CPythonInvoker(13, C:\Users\Sobee\AppData\Roaming\Kodi\addons\plugin.video.thecrew\service.py): script didn't stop in 5 seconds - let's kill it
2026-05-14 09:00:58.117 T:47636    info <general>: CPythonInvoker(14, C:\Users\Sobee\AppData\Roaming\Kodi\addons\plugin.video.themoviedb.helper\resources\service.py): waiting on thread 6536
2026-05-14 09:00:59.030 T:30092   error <general>: Exception ignored in: 
2026-05-14 09:00:59.030 T:30092   error <general>: <module 'threading' from 'C:\\Program Files\\Kodi\\system\\python\\Lib\\threading.py'>
2026-05-14 09:00:59.030 T:30092   error <general>: 
                                                   
2026-05-14 09:00:59.030 T:30092   error <general>: Traceback (most recent call last):
                                                   
2026-05-14 09:00:59.030 T:30092   error <general>:   File "C:\Program Files\Kodi\system\python\Lib\threading.py", line 1355, in _shutdown
                                                   
2026-05-14 09:00:59.030 T:30092   error <general>:     
2026-05-14 09:00:59.030 T:30092   error <general>: def _shutdown():
2026-05-14 09:00:59.030 T:30092   error <general>: 
                                                   
2026-05-14 09:00:59.030 T:30092   error <general>: SystemExit
2026-05-14 09:00:59.030 T:30092   error <general>: : 
2026-05-14 09:00:59.030 T:30092   error <general>: 
2026-05-14 09:00:59.030 T:30092   error <general>: 
                                                   
2026-05-14 09:00:59.415 T:6536     info <general>: Vacuuming databases: 1.299 sec
2026-05-14 09:00:59.423 T:6536    error <general>: XFILE::CDirectory::GetDirectory - Error getting C:\Users\Sobee\AppData\Roaming\Kodi\userdata\addon_data\plugin.video.themoviedb.helper\log_tagger\
2026-05-14 09:00:59.423 T:6536    error <general>: XFILE::CDirectory::GetDirectory - Error getting C:\Users\Sobee\AppData\Roaming\Kodi\userdata\addon_data\plugin.video.themoviedb.helper\log_library\
2026-05-14 09:00:59.423 T:6536    error <general>: XFILE::CDirectory::GetDirectory - Error getting C:\Users\Sobee\AppData\Roaming\Kodi\userdata\addon_data\plugin.video.themoviedb.helper\timer_report\
2026-05-14 09:00:59.812 T:51664    info <general>: [TheIntroDB] Service stopped
2026-05-14 09:01:00.117 T:46092    info <general>: CPythonInvoker(16, C:\Users\Sobee\AppData\Roaming\Kodi\addons\plugin.video.tmdb.bingie.helper\resources\service.py): waiting on thread 14440
2026-05-14 09:01:00.784 T:21452    info <general>: [ plugin.video.umbrella ]  Settings Monitor Service Stopping...
2026-05-14 09:01:00.784 T:21452    info <general>: [ plugin.video.umbrella ]  Account Sync Service Stopping...
2026-05-14 09:01:00.785 T:21452    info <general>: [ plugin.video.umbrella ]  Service Stopped
2026-05-14 09:01:00.785 T:21452    info <general>: CPythonInvoker(18, C:\Users\Sobee\AppData\Roaming\Kodi\addons\plugin.video.umbrella\service.py): waiting on thread 49284
2026-05-14 09:01:01.651 T:27304    info <general>: CServiceAddonManager: failed to stop screensaver.atv4 (may have ended)
2026-05-14 09:01:01.651 T:51720    info <general>: script.bingie.widgets --> Backgroundservice stopped
2026-05-14 09:01:02.552 T:14400    info <general>: AM Lite: Trakt refresh monitor loop stopped
2026-05-14 09:01:02.764 T:11844    info <general>: [ script.module.cocoscrapers ]  Service Stopped
2026-05-14 09:01:02.942 T:50752    info <general>: [ script.module.gearsscrapers ]  Service Stopped
2026-05-14 09:01:03.090 T:46924    info <general>: [ script.module.magneto ]  Service Stopped
2026-05-14 09:01:03.365 T:52072    info <general>: script.module.slyguy - Shared Service: Stopped
2026-05-14 09:01:03.540 T:50476    info <general>: [ script.module.viperscrapers ]  Service Stopped
2026-05-14 09:01:03.672 T:35304    info <general>: Skin Helper Service --> Shutdown requested !
2026-05-14 09:01:03.672 T:35304    info <general>: Skin Helper Service --> Skin Helper Service version 1.20.3 stopped
2026-05-14 09:01:03.901 T:7056     info <general>: [CastHelper] Cast & info helper stopped.
2026-05-14 09:01:03.979 T:27304    info <general>: CServiceAddonManager: failed to stop service.multistaller (may have ended)
2026-05-14 09:01:04.123 T:27304    info <general>: Application stopped
2026-05-14 09:01:04.568 T:27304    info <general>: AddOnLog: peripheral.joystick: Disabling joystick interface "directinput"
2026-05-14 09:01:04.568 T:27304    info <general>: AddOnLog: peripheral.joystick: Disabling joystick interface "xinput"
2026-05-14 09:01:04.569 T:27304    info <general>: ADDON: Dll Destroyed - Joystick Support
2026-05-14 09:01:04.569 T:27304    info <general>: unload skin
2026-05-14 09:01:04.628 T:27304    info <general>: Unloaded skin
2026-05-14 09:01:04.800 T:27304    info <general>: unload sections
2026-05-14 09:01:06.899 T:27304    info <general>: Exiting the application...
